fold,ablation,mae,rmse
1,full,718.4653141968864,944.2762318468706
1,without_recent_history,865.0586148623826,1072.9601251195922
1,without_monthly_history,902.7824680399428,1102.6783803471908
1,without_calendar,714.393180453475,899.8090879718868
2,full,580.3306279515707,825.5928837740789
2,without_recent_history,630.3724702178229,912.9720662742147
2,without_monthly_history,581.1959606037692,841.4493360872402
2,without_calendar,579.7917328493596,763.7051029805226
3,full,795.7586134822252,1119.9746039140334
3,without_recent_history,912.8474707823258,1216.7705536994274
3,without_monthly_history,814.1898577310237,1148.031256980904
3,without_calendar,910.8787541386431,1265.0571588719367
4,full,666.2396250865019,976.0549370345958
4,without_recent_history,697.7567648897613,984.3406688998134
4,without_monthly_history,670.5117798830569,990.2327593112984
4,without_calendar,692.9549988703728,930.9154167052824
5,full,784.5013150760641,1040.8668362582562
5,without_recent_history,977.7830132915175,1251.5080810361812
5,without_monthly_history,764.912261772961,1027.5404449904306
5,without_calendar,862.9371458881963,1119.2050244537436
6,full,622.9078380866905,860.0649748971067
6,without_recent_history,811.259645522772,1096.2533629875106
6,without_monthly_history,645.5846406168188,890.003977340425
6,without_calendar,780.8564535665142,1036.0613382877798
7,full,1220.7588705406304,1398.5944060783934
7,without_recent_history,1558.1647036023573,1693.6849796465178
7,without_monthly_history,1356.3520444636795,1587.5796885425345
7,without_calendar,607.871705932778,784.2804785110845
