record_date,workshop_code,workshop_name,energy_code,energy_name,consumption,unit,unit_price,cost,output_qty,output_unit,avg_temperature,record_status,data_source,year_month,fix_reason
2025-04-18,W03,热处理车间,E03,蒸汽,26.376,t,222.0119,5855.79,94.908,吨,18.14,正常,MES,2025-04,费用重算
2024-10-09,W08,包装车间,E01,电力,4811.034,kWh,0.6624,3186.83,10013.099,件,16.68,正常,MES,2024-10,消耗量插补
2025-01-08,W03,热处理车间,E01,电力,29203.006999999998,kWh,0.6848,19762.42,101.132,吨,-6.83,正常,MES,2025-01,消耗量插补
2024-10-07,W05,表面处理车间,E02,天然气,229.447,m³,3.4455,772.77,425.855,平方米,11.35,停产,MES,2024-10,单价插补
2024-03-03,W05,表面处理车间,E02,天然气,389.19,m³,3.453,1349.9,1366.618,平方米,8.11,低负荷,MES,2024-03,单价插补
2024-03-23,W01,熔炼车间,E04,工业水,267.058,m³,4.0993,1070.18,289.561,吨,3.71,正常,MES,2024-03,单价插补
2025-01-06,W04,机加工车间,E01,电力,19576.123,kWh,0.6714,13143.41,4492.309,件,-6.05,正常,MES,2025-01,消耗量插补
2024-08-07,W04,机加工车间,E01,电力,21304.821,kWh,0.6823,14642.93,4148.979,件,26.18,正常,MES,2024-08,消耗量插补
2024-12-16,W05,表面处理车间,E04,工业水,447.907,m³,4.0998,1799.68,7579.819,平方米,1.83,正常,MES,2024-12,单价插补
2024-08-15,W03,热处理车间,E03,蒸汽,24.526000000000003,t,222.023,5615.61,94.085,吨,26.52,正常,MES,2024-08,消耗量插补
2025-08-22,W03,热处理车间,E03,蒸汽,24.926000000000002,t,221.0176,5509.08,92.536,吨,26.57,正常,MES,2025-08,消耗量插补
2024-06-01,W07,动力站,E01,电力,9211.747,kWh,0.7012,6459.28,519.51,吨蒸汽,24.16,正常,MES,2024-06,消耗量插补
2025-12-04,W04,机加工车间,E04,工业水,65.633,m³,4.1018,268.89,4663.804,件,0.95,正常,MES,2025-12,单价插补
2025-03-24,W02,轧制车间,E01,电力,38494.688,kWh,0.6787,27017.39,320.836,吨,7.35,正常,MES,2025-03,单价插补
2025-01-20,W06,装配车间,E05,压缩空气,4002.881,m³,0.2839,1136.42,300.312,台,-4.01,正常,MES,2025-01,消耗量插补
2025-12-01,W03,热处理车间,E03,蒸汽,36.843,t,219.2779,8067.19,101.405,吨,-2.91,正常,MES,2025-12,单价插补
2024-10-19,W05,表面处理车间,E02,天然气,795.412,m³,3.4526,2746.24,4368.524,平方米,15.47,低负荷,MES,2024-10,消耗量插补
2025-11-22,W01,熔炼车间,E05,压缩空气,3022.599,m³,0.2801,840.91,284.611,吨,8.73,正常,MES,2025-11,单价插补
2025-08-13,W05,表面处理车间,E02,天然气,681.2635,m³,3.4706,2364.39,7267.721,平方米,29.17,正常,MES,2025-08,消耗量插补
2024-07-12,W05,表面处理车间,E01,电力,28393.094,kWh,0.6824,19375.45,7207.854,平方米,29.83,正常,MES,2024-07,费用重算
2025-06-14,W05,表面处理车间,E02,天然气,674.926,m³,3.4418,2322.96,4268.698,平方米,26.18,低负荷,MES,2025-06,消耗量插补
2024-07-26,W07,动力站,E02,天然气,12178.821,m³,3.4627,42171.6,557.834,吨蒸汽,26.29,正常,MES,2024-07,消耗量插补
2024-12-20,W02,轧制车间,E04,工业水,179.4335,m³,4.1386,742.6,340.222,吨,0.04,正常,MES,2024-12,消耗量插补
2024-01-07,W05,表面处理车间,E02,天然气,463.238,m³,3.45115,1600.3,1365.532,平方米,-2.45,低负荷,MES,2024-01,单价插补
2024-07-14,W07,动力站,E06,柴油,182.719,kg,7.8575,1441.91,522.009,吨蒸汽,27.51,正常,MES,2024-07,消耗量插补
2024-06-14,W06,装配车间,E05,压缩空气,4444.323,m³,0.27995000000000003,1225.28,280.049,台,24.75,正常,MES,2024-06,单价插补
2024-04-07,W06,装配车间,E05,压缩空气,4088.353,m³,0.2803,1145.97,50.384,台,11.39,低负荷,MES,2024-04,消耗量插补
2024-07-18,W03,热处理车间,E02,天然气,6580.4935000000005,m³,3.4224,22411.97,87.502,吨,26.39,正常,MES,2024-07,消耗量插补
2025-12-12,W01,熔炼车间,E02,天然气,12345.521,m³,3.4542,41530.15,300.142,吨,-1.45,正常,MES,2025-12,单价插补
2024-10-27,W03,热处理车间,E03,蒸汽,28.565,t,220.3605,6195.25,97.07,吨,18.93,正常,MES,2024-10,消耗量插补
2024-05-25,W06,装配车间,E01,电力,11211.0835,kWh,0.6937,7777.13,163.182,台,20.67,低负荷,MES,2024-05,消耗量插补
2025-05-04,W03,热处理车间,E01,电力,25175.649,kWh,0.6987,17512.38,92.322,吨,22.87,正常,MES,2025-05,消耗量插补
2025-08-27,W03,热处理车间,E01,电力度,31555.876,kWh,0.6776,21382.26,97.861,吨,22.97,正常,MES,2025-08,消耗量插补
2025-10-13,W04,机加工车间,E04,工业水,57.9555,m³,4.1151,249.26,4368.372,件,11.58,正常,MES,2025-10,消耗量插补
2025-03-28,W03,热处理车间,E01,电力,25014.002999999997,kWh,0.6557,16401.68,96.128,吨,6.83,正常,MES,2025-03,消耗量插补
2024-07-21,W02,轧制车间,E03,蒸汽,35.843,t,224.7708,7935.59,272.734,吨,29.23,正常,MES,2024-07,消耗量插补
2024-09-11,W06,装配车间,E05,压缩空气,4078.726,m³,0.285,1186.09,253.309,台,19.63,正常,MES,2024-09,消耗量插补
2024-05-24,W07,动力站,E04,工业水,887.686,m³,4.0627,3549.41,558.945,吨蒸汽,22.55,正常,MES,2024-05,消耗量插补
2024-10-27,W05,表面处理车间,E01,电力,19656.88,kWh,0.6963,13687.09,1406.585,平方米,18.93,低负荷,MES,2024-10,消耗量插补
2024-09-02,W06,装配车间,E01,电力,12296.726,kWh,0.6803,8493.85,258.36,台,15.86,正常,MES,2024-09,单价插补
2024-11-02,W01,熔炼车间,E05,压缩空气,3431.701,m³,0.2845,976.32,280.005,吨,3.42,正常,MES,2024-11,费用重算
2024-10-04,W01,熔炼车间,E04,工业水,254.3745,m³,4.0499,1018.89,240.252,吨,13.82,正常,MES,2024-10,消耗量插补
2025-02-14,W01,熔炼车间,E02,天然气,12313.059,m³,3.5293,43456.48,264.069,吨,-2.48,正常,MES,2025-02,消耗量插补
2024-10-22,W06,装配车间,E05,压缩空气,4346.083,m³,0.27945,1242.79,261.831,台,14.38,正常,MES,2024-10,单价插补
2024-09-25,W04,机加工车间,E01,电力,18407.0325,kWh,0.6666,11665.7,4240.58,件,18.08,正常,MES,2024-09,消耗量插补
2025-10-02,W06,装配车间,E05,压缩空气,4204.6165,m³,0.2787,1171.83,16.065,台,14.89,停产,MES,2025-10,消耗量插补
2025-07-12,W03,热处理车间,E02,天然气,6680.123,m³,3.4459,23019.04,107.993,吨,28.07,正常,MES,2025-07,费用重算
2024-02-09,W03,热处理车间,E03,蒸汽,35.184,t,221.10065,7685.03,99.411,吨,-7.92,正常,MES,2024-02,单价插补
2024-07-05,W03,热处理车间,E03,蒸气,22.763,t,217.5941,4953.19,95.012,吨,28.72,正常,MES,2024-07,负值取绝对值
2024-02-16,W02,轧制车间,E02,天然气,7700.379,m³,3.5093,27023.13,305.961,吨,-1.73,正常,MES,2024-02,负值取绝对值
2025-01-06,W06,装配车间,E05,压缩空气,4514.956,m³,0.2807,1254.4,252.68,台,-6.05,正常,MES,2025-01,单价插补
2025-10-12,W08,包装车间,E01,电力,1553.552,kWh,0.6649,1032.96,2327.385,件,16.11,低负荷,MES,2025-10,费用重算
2025-08-31,W07,动力站,E01,电,9482.798,kWh,0.679,6531.81,525.744,吨蒸汽,31.27,正常,MES,2025-08,单价插补
2025-02-26,W01,熔炼车间,E04,工业水,265.908,m³,4.0868,1133.2,254.277,吨,-2.87,正常,MES,2025-02,消耗量插补
2024-01-12,W04,机加工车间,E05,压缩空气,5428.921,m³,0.2848,1515.35,4325.624,件,-1.54,正常,MES,2024-01,消耗量插补
2025-07-20,W02,轧制车间,E01,电力,42568.34,kWh,0.67975,28978.48,324.214,吨,26.04,正常,MES,2025-07,单价插补
2024-05-20,W01,熔炼车间,E04,工业水,255.56,m³,4.0995,1053.12,247.549,吨,26.03,正常,MES,2024-05,单价插补
2025-09-13,W04,机加工车间,E04,工业水,36.706,m³,4.11345,152.48,2715.553,件,22.08,低负荷,MES,2025-09,单价插补
2025-10-03,W01,熔炼车间,E04,工业水,264.57050000000004,m³,4.1086,1087.01,259.607,吨,16.14,正常,MES,2025-10,消耗量插补
2024-01-30,W06,装配车间,E01,电力,13077.877,kWh,0.6861,8972.73,241.83,台,-5.45,正常,MES,2024-01,费用重算
2024-02-08,W03,热处理车间,E03,蒸汽,39.15,t,225.6856,8835.59,102.268,吨,-4.7,正常,MES,2024-02,费用重算
2025-02-21,W08,包装车间,E01,电力,6219.396,kWh,0.6484,4032.66,9744.229,件,-0.7,正常,MES,2025-02,费用重算
2024-01-26,W06,装配车间,E05,压缩空气,4153.112,m³,0.2825,1173.25,229.023,台,-13.2,正常,MES,2024-01,费用重算
2024-05-10,W01,熔炼车间,E05,压缩空气,3311.195,m³,0.2793,928.71,251.528,吨,22.0,正常,MES,2024-05,单价插补
2025-09-21,W08,包装车间,E01,电力,1593.069,kWh,0.67965,1080.89,2129.491,件,21.34,低负荷,MES,2025-09,单价插补
2024-08-21,W02,轧制车间,E03,蒸汽,36.891,t,219.9231,8029.97,338.079,吨,26.06,正常,MES,2024-08,单价插补
2025-05-06,W02,轧制车间,E02,天然气,5113.397,m³,3.476,17774.17,355.011,吨,23.52,正常,MES,2025-05,消耗量插补
2025-10-18,W01,熔炼车间,E05,压缩空气,3192.332,m³,0.2837,926.78,296.736,吨,21.59,正常,MES,2025-10,消耗量插补
2024-02-26,W05,表面处理车间,E02,天然气,1241.849,m³,3.4442500000000003,4208.69,6803.405,平方米,2.6,正常,MES,2024-02,单价插补
2024-09-01,W04,机加工车间,E01,电力,6896.063,kWh,0.6816,4700.13,811.424,件,19.93,低负荷,MES,2024-09,负值取绝对值
2024-11-25,W02,轧制车间,E01,电力,39422.129,kWh,0.6813,26473.63,313.557,吨,11.59,正常,MES,2024-11,消耗量插补
2024-07-19,W05,表面处理车间,E03,蒸汽,21.763,t,221.0796,4735.06,6609.325,平方米,29.56,正常,MES,2024-07,单价插补
2025-01-27,W03,热处理车间,E02,天然气,12293.8205,m³,3.5046,43513.34,100.69,吨,-5.85,正常,MES,2025-01,消耗量插补
2024-07-06,W06,装配车间,E05,压缩空气,2788.245,m³,0.2834,790.19,148.887,台,23.9,低负荷,MES,2024-07,费用重算
2024-04-03,W06,装配车间,E01,电力,11406.533,kWh,0.6722,7667.47,277.397,台,11.87,正常,MES,2024-04,费用重算
2024-01-08,W07,动力站,E06,柴油,177.08,kg,7.8498,1390.04,527.915,吨蒸汽,-6.6,正常,MES,2024-01,消耗量插补
2024-08-02,W01,熔炼车间,E02,天然气,7092.722,m³,3.4554,23844.21,257.505,吨,23.68,正常,MES,2024-08,单价插补
2024-07-28,W04,机加工车间,E05,压缩空气,5488.372,m³,0.2814,1544.43,874.557,件,30.11,低负荷,MES,2024-07,消耗量插补
2024-11-23,W01,熔炼车间,E01,电力,42973.098,kWh,0.6837,28997.26,236.456,吨,4.56,正常,MES,2024-11,消耗量插补
2024-05-24,W04,机加工车间,E04,工业水,59.098,m³,4.0995,243.06,4169.048,件,22.55,正常,MES,2024-05,单价插补
2024-06-18,W04,机加工车间,E05,压缩空气,5791.665,m³,0.27995000000000003,1609.08,4128.406,件,21.28,正常,MES,2024-06,单价插补
2024-04-17,W04,机加工车间,E05,压缩空气,5420.932,m³,0.2809,1522.74,4252.194,件,11.8,正常,MES,2024-04,消耗量插补
2025-07-06,W04,机加工车间,E04,工业水,23.356,m³,4.09545,95.85,,件,20.2,低负荷,MES,2025-07,单价插补
2024-08-02,W05,表面处理车间,E04,工业水,411.9465,m³,4.0163,1654.5,6497.38,平方米,23.68,正常,MES,2024-08,消耗量插补
2024-02-11,W07,动力站,E04,工业水,870.472,m³,4.1011,3590.56,468.827,吨蒸汽,-4.39,正常,MES,2024-02,单价插补
2024-02-29,W03,热处理车间,E02,天然气,11086.794,m³,3.4442500000000003,37334.18,98.006,吨,0.96,正常,MES,2024-02,单价插补
2024-06-15,W01,熔炼车间,E05,压缩空气,3228.385,m³,0.283,913.63,250.191,吨,30.5,正常,MES,2024-06,消耗量插补
2024-10-31,W02,轧制车间,E01,电力,34529.769,kWh,0.67975,23579.32,336.01,吨,9.97,正常,MES,2024-10,单价插补
2025-10-03,W01,熔炼车间,E01,电力,34739.128,kWh,0.6795,23375.63,259.607,吨,16.14,正常,MES,2025-10,单价插补
2025-03-08,W03,热处理车间,E02,天然气,9646.162,m³,3.4847,33613.98,96.919,吨,5.65,正常,MES,2025-03,消耗量插补
2025-05-28,W08,包装车间,E01,电力,4884.3825,kWh,0.6596,3221.74,10506.988,件,20.61,正常,MES,2025-05,消耗量插补
2024-12-29,W03,热处理车间,E02,天然气,11277.532,m³,3.4563,39164.99,99.131,吨,0.05,正常,MES,2024-12,单价插补
2025-02-03,W03,热处理车间,E02,天然气,11628.293,m³,3.3948,38316.49,97.71,吨,-4.65,正常,MES,2025-02,消耗量插补
2025-06-09,W06,装配车间,E01,电力,14169.227,kWh,0.67945,9783.9,289.992,台,26.15,正常,MES,2025-06,单价插补
2024-12-01,W05,表面处理车间,E01,电力度,25046.8275,kWh,0.6895,17269.79,1500.97,平方米,-2.07,低负荷,MES,2024-12,消耗量插补
2024-06-11,W02,轧制车间,E04,工业水,176.032,m³,4.0995,721.64,289.156,吨,23.31,正常,MES,2024-06,消耗量插补
2024-06-13,W07,动力站,E02,天然气,12492.891,m³,3.4539,44302.92,554.427,吨蒸汽,26.54,正常,MES,2024-06,消耗量插补
2024-01-23,W03,热处理车间,E02,天然气,12616.609,m³,3.3714,42535.64,102.133,吨,-3.47,正常,MES,2024-01,费用重算
2025-03-06,W05,表面处理车间,E03,蒸汽,27.238,t,220.2172,6009.44,7881.461,平方米,7.95,正常,MES,2025-03,单价插补
2024-12-21,W07,动力站,E01,电力,8818.59,kWh,0.6797,6093.47,523.814,吨蒸汽,-1.63,正常,MES,2024-12,单价插补
2024-10-31,W06,装配车间,E05,压缩空气,3963.078,m³,0.2768,1096.98,276.166,台,9.97,正常,MES,2024-10,消耗量插补
2025-11-14,W06,装配车间,E05,压缩空气,4224.191,m³,0.2752,1208.02,295.884,台,7.92,正常,MES,2025-11,消耗量插补
2025-06-05,W05,表面处理车间,E03,蒸汽,22.169,t,221.9552,4920.52,7943.355,平方米,23.51,正常,MES,2025-06,费用重算
2025-10-13,W07,动力站,E01,电,8215.4385,kWh,0.6837,5613.7,594.822,吨蒸汽,11.58,正常,MES,2025-10,消耗量插补
2024-12-07,W06,装配车间,E01,电力,12972.212,kWh,0.7081,9185.62,151.591,台,-1.02,低负荷,MES,2024-12,消耗量插补
2024-02-15,W06,装配车间,E01,电力,2596.883,kWh,0.6815,1734.41,16.503,台,5.54,停产,MES,2024-02,单价插补
2025-09-17,W04,机加工车间,E05,压缩空气,5801.693,m³,0.2949,1710.92,4774.616,件,22.13,正常,MES,2025-09,费用重算
2024-11-10,W07,动力站,E01,电力,8703.596,kWh,0.6908,6012.88,505.379,吨蒸汽,7.28,正常,MES,2024-11,负值取绝对值
2025-05-15,W02,轧制车间,E02,天然气,5541.24,m³,3.4321,19017.9,361.676,吨,22.84,正常,MES,2025-05,负值取绝对值
2025-11-21,W05,表面处理车间,E01,电力,24550.629,kWh,0.6802,16223.08,8535.762,平方米,1.18,正常,MES,2025-11,单价插补
2025-01-29,W05,表面处理车间,E02,天然气,1206.643,m³,3.4815,4200.93,406.285,平方米,-4.2,停产,MES,2025-01,消耗量插补
2024-09-08,W03,热处理车间,E01,电力,25642.675,kWh,0.6803,17647.23,96.366,吨,22.4,正常,MES,2024-09,单价插补
2025-10-19,W07,动力站,E02,天然气,15872.021,m³,3.4536,53664.21,552.207,吨蒸汽,13.2,正常,MES,2025-10,单价插补
2024-05-18,W02,轧制车间,E04,工业水,177.492,m³,4.0935,712.74,310.655,吨,20.11,正常,MES,2024-05,消耗量插补
2024-08-20,W05,表面处理车间,E03,蒸汽,22.083,t,222.6825,4917.5,6477.716,平方米,25.77,正常,MES,2024-08,费用重算
2024-07-01,W05,表面处理车间,E01,电力,26918.694,kWh,0.6809,18435.31,7809.224,平方米,31.55,正常,MES,2024-07,单价插补
2025-04-02,W02,轧制车间,E02,天然气,5733.446,m³,3.45085,19882.21,337.963,吨,12.01,正常,MES,2025-04,单价插补
2024-03-20,W05,表面处理车间,E01,电力,20922.398,kWh,0.696,14847.83,6833.732,平方米,10.47,正常,MES,2024-03,消耗量插补
2025-06-06,W03,热处理车间,E01,电力,31134.952,kWh,0.67945,21030.3,101.645,吨,31.22,正常,MES,2025-06,单价插补
2024-05-01,W07,动力站,E02,天然气,13623.712500000001,m³,3.4563,44996.86,512.289,吨蒸汽,19.25,正常,MES,2024-05,消耗量插补
2025-07-07,W04,机加工车间,E05,压缩空气,5903.903,m³,0.2806,1681.59,4758.941,件,28.27,正常,MES,2025-07,单价插补
2025-01-30,W02,轧制车间,E03,蒸汽,48.801,t,219.5843,10561.84,317.127,吨,-2.61,正常,MES,2025-01,单价插补
2025-12-30,W08,包装车间,E01,电力,5912.244,kWh,0.6815,4028.95,12140.857,件,-7.12,正常,MES,2025-12,负值取绝对值
2025-06-26,W01,熔炼车间,E05,压缩空气,3189.889,m³,0.2777,897.77,253.848,吨,25.79,正常,MES,2025-06,消耗量插补
2024-09-10,W01,熔炼车间,E02,天然气,7692.696,m³,3.4622,27586.0,274.653,吨,22.81,正常,MES,2024-09,消耗量插补
2025-02-26,W05,表面处理车间,E02,天然气,1191.621,m³,3.4953,4203.72,7181.918,平方米,-2.87,正常,MES,2025-02,消耗量插补
2024-06-25,W01,熔炼车间,E04,工业水,261.149,m³,4.1288,1112.52,282.706,吨,24.07,正常,MES,2024-06,消耗量插补
2025-01-18,W06,装配车间,E05,压缩空气,4002.881,m³,0.2731,1093.19,157.722,台,-7.86,低负荷,MES,2025-01,消耗量插补
2024-12-06,W05,表面处理车间,E04,工业水,398.294,m³,4.2285,1684.19,7571.58,平方米,-3.33,正常,MES,2024-12,费用重算
2024-01-10,W06,装配车间,E01,电力,13935.506,kWh,0.6803,9577.95,256.01,台,-4.15,正常,MES,2024-01,单价插补
2025-02-01,W04,机加工车间,E05,压缩空气,5498.589,m³,0.2758,1516.51,255.342,件,-0.41,停产,MES,2025-02,消耗量插补
2024-11-25,W05,表面处理,E03,蒸汽,28.32,t,216.9933,6186.9,7454.365,平方米,11.59,正常,MES,2024-11,消耗量插补
2024-03-27,W04,机加工车间,E04,工业水,58.217,m³,4.1775,243.2,4198.568,件,12.87,正常,MES,2024-03,费用重算
2025-10-22,W05,表面处理车间,E03,蒸汽,24.566499999999998,t,219.7475,5398.43,7071.388,平方米,16.31,正常,MES,2025-10,消耗量插补
2025-08-04,W05,表处车间,E03,蒸汽,22.704,t,220.10655,4992.29,7689.696,平方米,26.21,正常,MES,2025-08,单价插补
2025-12-15,W03,热处理车间,E02,天然气,11396.476,m³,3.4542,40705.27,113.254,吨,-2.22,正常,MES,2025-12,单价插补
2024-03-09,W05,表面处理车间,E01,电力,14646.931,kWh,0.6811,10081.64,4486.747,平方米,6.27,低负荷,MES,2024-03,单价插补
2024-11-27,W07,动力站,E01,电力,8666.812,kWh,0.6908,5987.03,546.19,吨蒸汽,5.26,正常,MES,2024-11,消耗量插补
2025-06-22,W01,熔炼车间,E04,工业水,237.872,m³,4.1031,979.07,253.974,吨,26.38,正常,MES,2025-06,单价插补
2025-07-20,W03,热处理车间,E03,蒸汽,22.003,t,216.8002,4770.25,93.338,吨,26.04,正常,MES,2025-07,费用重算
2024-03-09,W06,装配车间,E05,压缩空气,4084.7799999999997,m³,0.2814,1149.46,157.476,台,6.27,低负荷,MES,2024-03,消耗量插补
2025-11-03,W06,装配车间,E01,电力,12087.235,kWh,0.6847,8342.53,280.196,台,2.97,正常,MES,2025-11,消耗量插补
2024-10-09,W05,表面处理车间,E01,外购电,21681.876,kWh,0.67975,14818.83,7047.396,平方米,16.68,正常,MES,2024-10,单价插补
2025-07-20,W04,机加工车间,E04,工业水,21.593,m³,4.1551,89.72,904.981,件,26.04,低负荷,MES,2025-07,费用重算
2025-04-02,W01,熔炼车间,E01,电力,38836.914,kWh,0.6806,27303.98,267.788,吨,12.01,正常,MES,2025-04,单价插补
2024-04-26,W07,动力站,E06,柴油,178.675,kg,7.9859,1381.75,481.589,吨蒸汽,13.09,正常,MES,2024-04,消耗量插补
2025-02-23,W06,装配车间,E05,压缩空气,1360.142,m³,0.2805,382.28,60.341,台,5.04,低负荷,MES,2025-02,单价插补
2025-04-07,W05,表面处理车间,E03,蒸汽,23.321,t,222.5763,5190.7,7580.17,平方米,14.98,正常,MES,2025-04,消耗量插补
2025-05-17,W01,熔炼车间,E04,工业水,252.935,m³,4.1336,1045.53,268.093,吨,19.14,正常,MES,2025-05,负值取绝对值
2024-09-08,W06,装配车间,E05,压缩空气,1333.17,m³,0.2807,374.17,53.64,台,22.4,低负荷,MES,2024-09,负值取绝对值
2025-12-25,W01,熔炼车间,E04,工业水,266.9915,m³,4.1542,1114.78,289.836,吨,-6.85,正常,MES,2025-12,消耗量插补
2025-04-03,W04,机加工车间,E04,工业水,57.483,m³,4.0945,243.93,4220.828,件,17.71,正常,MES,2025-04,单价插补
2025-05-07,W01,熔炼车间,E02,天然气,8103.82,m³,3.4496,27622.03,274.85,吨,19.9,正常,MES,2025-05,单价插补
2024-05-18,W03,热处理车间,E03,蒸汽,25.6965,t,221.5507,5693.08,96.648,吨,20.11,正常,MES,2024-05,消耗量插补
2025-05-23,W06,装配车间,E01,电力,10990.422,kWh,0.6952,7640.54,280.361,台,22.04,正常,MES,2025-05,消耗量插补
2024-12-30,W01,熔炼车间,E04,工业水,259.76,m³,4.0998,1069.98,303.24,吨,-0.5,正常,MES,2024-12,单价插补
2024-03-13,W03,热处理车间,E02,天然气,9607.568,m³,3.4865,33496.79,91.789,吨,1.78,正常,MES,2024-03,费用重算
2025-09-08,W04,机加工车间,E05,压缩空气,5610.534,m³,0.2825,1534.21,4614.383,件,13.22,正常,MES,2025-09,消耗量插补
2025-03-17,W07,动力站,E01,电力,8249.0,kWh,0.677,5584.57,571.958,吨蒸汽,1.64,正常,MES,2025-03,消耗量插补
2024-10-01,W01,熔炼车间,E05,压缩空气,3175.196,m³,0.2823,896.36,238.164,吨,15.24,正常,MES,2024-10,消耗量插补
2024-06-21,W04,机加工车间,E01,电力,18820.34,kWh,0.6788,12606.3,4326.646,件,24.18,正常,MES,2024-06,单价插补
2025-05-23,W05,表面处理车间,E04,工业水,413.2795,m³,4.0075,1654.3,8076.812,平方米,22.04,正常,MES,2025-05,消耗量插补
2024-09-09,W05,表面处理车间,E01,电力,21413.346,kWh,0.6803,14515.32,6993.34,平方米,23.32,正常,MES,2024-09,单价插补
2025-08-16,W08,包装车间,E05,压缩空气,889.714,m³,0.2804,246.96,5960.635,件,24.99,低负荷,MES,2025-08,单价插补
2024-03-03,W04,机加工车间,E04,工业水,58.147999999999996,m³,4.1565,241.69,864.402,件,8.11,低负荷,MES,2024-03,消耗量插补
2024-10-23,W06,装配车间,E01,电力,10637.5625,kWh,0.683,7402.1,280.334,台,12.8,正常,MES,2024-10,消耗量插补
2024-06-28,W07,动力站,E06,柴油,181.085,kg,7.8747,1433.2,541.491,吨蒸汽,25.86,正常,MES,2024-06,单价插补
2024-01-16,W04,机加工车间,E01,电力,20224.2155,kWh,0.6551,13095.77,4079.59,件,-3.47,正常,MES,2024-01,消耗量插补
2025-04-14,W02,轧制车间,E01,电力,36971.507,kWh,0.6806,25488.42,343.657,吨,12.64,正常,MES,2025-04,单价插补
2024-08-12,W07,动力站,E04,工业水,867.194,m³,4.1039,3578.94,493.622,吨蒸汽,21.0,正常,MES,2024-08,单价插补
2025-02-12,W02,轧制车间,E03,蒸汽,51.242,t,223.9575,11921.23,363.525,吨,-2.62,正常,MES,2025-02,消耗量插补
2024-10-25,W02,轧制车间,E02,天然气,5810.216,m³,3.4455,20300.42,346.817,吨,12.48,正常,MES,2024-10,单价插补
2025-07-19,W02,轧制车间,E02,天然气,4534.847,m³,3.5498,16097.8,342.939,吨,28.9,正常,MES,2025-07,费用重算
2025-03-30,W02,轧制车间,E03,蒸汽,45.692499999999995,t,218.236,9875.26,314.99,吨,8.97,正常,MES,2025-03,消耗量插补
2025-09-07,W02,轧制车间,E02,天然气,5181.509,m³,3.4454,17666.6,315.559,吨,21.69,正常,MES,2025-09,单价插补
2024-01-15,W01,熔炼车间,E02,天然气,12616.218,m³,3.45115,43568.35,252.585,吨,-5.32,正常,MES,2024-01,单价插补
2025-05-13,W06,装配车间,E01,电力,10990.422,kWh,0.6631,7287.75,288.275,台,21.69,正常,MES,2025-05,消耗量插补
2025-01-27,W07,动力站,E06,柴油,193.166,kg,7.9956,1544.48,562.069,吨蒸汽,-5.85,正常,MES,2025-01,费用重算
2024-06-18,W03,热处理车间,E02,天然气,6575.13,m³,3.4395,23159.32,105.854,吨,21.28,正常,MES,2024-06,单价插补
2024-05-22,W01,熔炼车间,E02,天然气,8305.293,m³,3.4212,28414.07,264.326,吨,23.35,正常,MES,2024-05,费用重算
2025-04-03,W01,熔炼车间,E04,工业水,249.298,m³,4.0945,1028.07,291.444,吨,17.71,正常,MES,2025-04,单价插补
2024-05-21,W01,熔炼车间,E02,天然气,6984.913,m³,3.4496,23435.73,265.508,吨,20.43,正常,MES,2024-05,单价插补
2024-12-30,W05,表面处理车间,E04,工业水,447.645,m³,4.0998,1769.38,7015.636,平方米,-0.5,正常,MES,2024-12,单价插补
2024-03-27,W06,装配车间,E01,电力,10759.254,kWh,0.6811,7421.78,286.566,台,12.87,正常,MES,2024-03,单价插补
2024-09-15,W07,动力站,E06,柴油,178.95,kg,7.6007,1344.76,490.961,吨蒸汽,16.19,正常,MES,2024-09,消耗量插补
2025-01-24,W06,装配车间,E05,压缩空气,4002.881,m³,0.2809,1124.41,282.7,台,-7.8,正常,MES,2025-01,消耗量插补
2024-11-06,W05,表面处理车间,E04,工业水,445.881,m³,4.0964,1852.59,6868.936,平方米,2.24,正常,MES,2024-11,单价插补
2024-04-16,W02,轧制车间,E03,蒸汽,40.097,t,220.6572,9056.17,334.496,吨,17.95,正常,MES,2024-04,消耗量插补
2024-08-27,W05,表面处理车间,E02,天然气,679.439,m³,3.4464,2341.62,6841.563,平方米,28.72,正常,MES,2024-08,消耗量插补
2024-10-19,W03,热处理车间,E02,天然气,7841.343,m³,3.4455,27241.54,83.643,吨,15.47,正常,MES,2024-10,单价插补
2024-05-08,W06,装配车间,E01,电力,11211.0835,kWh,0.6905,7489.82,270.044,台,19.54,正常,MES,2024-05,消耗量插补
2024-10-30,W06,装配车间,E05,压缩空气,4154.528,m³,0.27945,1183.69,266.913,台,14.88,正常,MES,2024-10,单价插补
2024-10-21,W03,热处理车间,E01,电力,25692.833,kWh,0.6911,17755.51,93.354,吨,11.69,正常,MES,2024-10,负值取绝对值
2025-02-08,W03,热处理车间,E01,电力度,28508.67,kWh,0.6857,19548.4,102.868,吨,-4.03,正常,MES,2025-02,费用重算
2025-07-08,W08,包装车间,E05,压缩风,1379.685,m³,0.2855,393.9,10578.552,件,26.97,正常,MES,2025-07,消耗量插补
2025-05-05,W02,轧制车间,E03,蒸汽,32.897,t,224.7898,7394.91,292.449,吨,17.23,正常,MES,2025-05,费用重算
2025-02-25,W07,动力站,E02,天然气,22394.553,m³,3.3946,76020.56,570.11,吨蒸汽,0.19,正常,MES,2025-02,负值取绝对值
2024-11-23,W04,机加工车间,E04,工业水,40.164,m³,4.0964,162.69,2807.021,件,4.56,低负荷,MES,2024-11,单价插补
2024-03-01,W01,熔炼车间,E04,工业水,256.54949999999997,m³,4.0738,1095.05,245.18,吨,0.95,正常,MES,2024-03,消耗量插补
2025-09-21,W05,表面处理车间,E02,天然气,775.025,m³,3.4555,2678.1,1396.789,平方米,21.34,低负荷,MES,2025-09,消耗量插补
2025-02-23,W02,轧制车间,E04,工业水,184.342,m³,4.1091999999999995,756.32,264.973,吨,5.04,正常,MES,2025-02,单价插补
2024-07-08,W05,表面处理车间,E01,电力,25257.713499999998,kWh,0.6733,17253.34,6958.001,平方米,28.67,正常,MES,2024-07,消耗量插补
2024-07-03,W07,动力站,E06,柴油,182.719,kg,7.732,1459.99,542.654,吨蒸汽,25.71,正常,MES,2024-07,消耗量插补
2024-12-01,W04,机加工车间,E01,电力,20431.2055,kWh,0.6781,13854.4,840.451,件,-2.07,低负荷,MES,2024-12,消耗量插补
2025-05-06,W03,热处理车间,E01,电力,25315.842,kWh,0.6729,17035.03,100.94,吨,23.52,正常,MES,2025-05,费用重算
2025-06-25,W06,装配车间,E01,电力,13003.235,kWh,0.67945,8820.73,301.748,台,28.17,正常,MES,2025-06,单价插补
2025-12-19,W07,动力站,E06,柴油,179.794,kg,7.80265,1426.58,534.762,吨蒸汽,-0.09,正常,MES,2025-12,单价插补
2025-12-16,W08,包装车间,E01,电力,5950.79,kWh,0.679,4068.43,10245.374,件,-2.34,正常,MES,2025-12,单价插补
2024-09-11,W04,机加工车间,E05,压缩空气,5487.344,m³,0.2767,1518.35,4261.455,件,19.63,正常,MES,2024-09,费用重算
2024-12-02,W05,表面处理车间,E04,工业水,420.413,m³,4.1189,1813.8,6968.093,平方米,-3.29,正常,MES,2024-12,消耗量插补
2024-10-18,W07,动力车间,E06,柴油,184.053,kg,8.0305,1478.04,494.149,吨蒸汽,16.26,正常,MES,2024-10,负值取绝对值
2025-03-29,W08,包装车间,E01,电力,3493.916,kWh,0.666,2326.95,6254.988,件,5.68,低负荷,MES,2025-03,费用重算
2025-06-22,W05,表面处理车间,E04,工业水,416.904,m³,4.1042,1711.06,1501.114,平方米,26.38,低负荷,MES,2025-06,消耗量插补
2025-01-28,W01,熔炼车间,E04,工业水,226.913,m³,4.1043,934.14,243.867,吨,-6.53,正常,MES,2025-01,单价插补
2024-07-20,W03,热处理车间,E01,电力,31043.1515,kWh,0.6752,20960.34,88.848,吨,26.83,正常,MES,2024-07,消耗量插补
2025-11-04,W07,动力车间,E06,柴油,182.683,kg,7.9222,1447.25,591.813,吨蒸汽,6.93,正常,MES,2025-11,消耗量插补
2024-01-17,W04,机加工车间,E04,工业水,60.23,m³,4.0915,243.12,4197.504,件,-4.89,正常,MES,2024-01,单价插补
2024-07-10,W08,包装车间,E05,压缩空气,1350.344,m³,0.2795,377.42,10165.763,件,27.13,正常,MES,2024-07,消耗量插补
2024-12-08,W02,轧制车间,E01,电力,40518.871,kWh,0.6797,28002.73,286.887,吨,3.88,正常,MES,2024-12,单价插补
2025-01-01,W01,熔炼车间,E04,工业水,222.916,m³,4.1043,919.23,239.891,吨,-2.34,正常,MES,2025-01,单价插补
2025-10-24,W07,动力站,E02,天然气,15885.614,m³,3.4998,53665.62,553.257,吨蒸汽,14.23,正常,MES,2025-10,消耗量插补
2024-03-18,W07,动力站,E02,天然气,18104.506500000003,m³,3.3852,62149.52,550.51,吨蒸汽,9.72,正常,MES,2024-03,消耗量插补
2024-11-16,W07,动力站,E04,工业水,875.482,m³,4.0964,3556.33,525.361,吨蒸汽,9.03,正常,MES,2024-11,单价插补
2024-02-06,W03,热处理车间,E01,电力,26671.479,kWh,0.69,18166.97,92.155,吨,-2.27,正常,MES,2024-02,消耗量插补
2024-09-27,W02,轧制,E04,工业水,177.463,m³,4.0495,718.64,322.517,吨,19.57,正常,MES,2024-09,消耗量插补
2024-11-30,W04,机加工车间,E01,电力,12951.933,kWh,0.68035,8789.14,2940.562,件,7.76,低负荷,MES,2024-11,单价插补
2024-11-21,W02,轧制车间,E01,电力,38704.686,kWh,0.6946,26884.27,333.441,吨,6.29,正常,MES,2024-11,费用重算
2025-09-18,W05,表面处理车间,E04,工业水,421.826,m³,4.0808,1772.3,7356.471,平方米,19.95,正常,MES,2025-09,消耗量插补
2025-09-10,W01,熔炼车间,E02,天然气,7908.249,m³,3.4454,26814.22,316.284,吨,19.98,正常,MES,2025-09,单价插补
2024-09-28,W07,动力站,E02,天然气,12930.052,m³,3.4464,43995.41,506.756,吨蒸汽,23.63,正常,MES,2024-09,单价插补
2024-09-13,W04,机加工车间,E01,电力,18407.0325,kWh,0.6913,12757.7,4430.527,件,17.34,正常,MES,2024-09,消耗量插补
2024-02-07,W04,机加工车间,E01,电力,19990.483,kWh,0.6815,13469.15,4256.879,件,-1.73,正常,MES,2024-02,单价插补
2025-05-21,W04,机加工车间,E05,压缩空气,5817.601,m³,0.28,1657.2,4662.622,件,19.94,正常,MES,2025-05,单价插补
2025-01-07,W05,表面处理车间,E04,工业水,407.068,m³,4.1043,1654.09,7445.99,平方米,-5.14,正常,MES,2025-01,单价插补
2025-04-19,W05,表面处理车间,E02,天然气,621.813,m³,3.45085,2173.67,4560.906,平方米,16.4,低负荷,MES,2025-04,单价插补
2025-01-01,W05,表面处理车间,E03,蒸汽,30.255000000000003,t,221.597,6704.42,433.737,平方米,-2.34,停产,MES,2025-01,消耗量插补
2025-12-16,W04,机加工车间,E05,压缩空气,5535.115,m³,0.2805,1530.46,4349.028,件,-2.34,正常,MES,2025-12,单价插补
2024-03-30,W03,热处理车间,E03,蒸汽,31.803,t,220.5913,7002.83,97.24,吨,5.84,正常,MES,2024-03,消耗量插补
2025-05-11,W02,轧制车间,E02,天然气,5113.397,m³,3.3761,16536.67,318.285,吨,19.69,正常,MES,2025-05,消耗量插补
2024-06-16,W05,表面处理车间,E03,蒸汽,20.744,t,220.6738,4577.66,1383.37,平方米,32.1,低负荷,MES,2024-06,消耗量插补
2025-11-25,W06,装配车间,E01,电力,12087.235,kWh,0.697,8424.8,311.303,台,2.72,正常,MES,2025-11,消耗量插补
2025-05-24,W08,包装车间,E01,电力,3692.77,kWh,0.67965,2473.36,6815.188,件,19.83,低负荷,MES,2025-05,单价插补
2024-11-18,W07,动力站,E06,柴油,198.258,kg,7.7823,1588.83,552.751,吨蒸汽,3.67,正常,MES,2024-11,单价插补
2024-01-16,W03,热处理车间,E01,电力,28726.049,kWh,0.676,19583.69,92.996,吨,-3.47,正常,MES,2024-01,消耗量插补
2025-05-15,W07,动力站,E02,天然气,13760.668,m³,3.4034,48597.71,587.999,吨蒸汽,22.84,正常,MES,2025-05,消耗量插补
2025-09-26,W07,动力站,E02,天然气,14620.524,m³,3.4454,49576.92,589.946,吨蒸汽,20.5,正常,MES,2025-09,单价插补
2025-07-05,W05,表面处理车间,E03,蒸汽,15.541,t,220.1216,3478.98,4483.154,平方米,25.11,低负荷,MES,2025-07,单价插补
2025-03-21,W05,表面处理车间,E04,工业水,408.447,m³,4.062,1692.44,6939.922,平方米,3.92,正常,MES,2025-03,消耗量插补
2024-06-13,W02,轧制车间,E02,天然气,4433.407,m³,3.4345,15226.54,355.413,吨,26.54,正常,MES,2024-06,费用重算
2024-10-27,W06,装配车间,E01,电力,3646.406,kWh,0.67975,2415.06,53.848,台,18.93,低负荷,MES,2024-10,单价插补
2024-05-23,W03,热处理车间,E01,电力,24838.739,kWh,0.6642,16831.33,92.8,吨,19.94,正常,MES,2024-05,消耗量插补
2025-09-08,W03,热处理车间,E02,天然气,7397.636,m³,3.4823,25643.45,108.345,吨,13.22,正常,MES,2025-09,消耗量插补
2024-03-28,W03,热处理车间,E03,蒸汽,31.803,t,217.127,7133.66,96.099,吨,8.57,正常,MES,2024-03,消耗量插补
2024-11-12,W05,表面处理车间,E01,电力,22021.749499999998,kWh,0.6676,14701.72,6570.485,平方米,3.54,正常,MES,2024-11,消耗量插补
2024-09-03,W05,表面处理车间,E03,蒸汽,22.345,t,222.5817,5096.49,7146.972,平方米,21.15,正常,MES,2024-09,消耗量插补
2025-09-30,W06,总装车间,E01,电力,12446.9,kWh,0.6558,7943.06,282.111,台,22.55,正常,MES,2025-09,消耗量插补
2024-04-27,W06,装配车间,E01,电力,7745.265,kWh,0.6794,5367.59,148.973,台,12.84,低负荷,MES,2024-04,单价插补
2024-06-17,W06,装配车间,E01,电力,12211.534,kWh,0.6788,8513.36,274.277,台,26.5,正常,MES,2024-06,单价插补
2025-03-13,W03,热处理车间,E02,天然气,10019.359,m³,3.4881,34948.69,101.96,吨,10.82,正常,MES,2025-03,负值取绝对值
2024-08-05,W05,表面处理车间,E03,蒸汽,21.738,t,219.9231,4778.06,6864.563,平方米,25.34,正常,MES,2024-08,单价插补
2025-06-02,W05,表面处理车间,E02,天然气,193.711,m³,3.4582,669.89,493.957,平方米,26.43,停产,MES,2025-06,费用重算
2024-03-03,W05,表面处理车间,E01,电力,20922.398,kWh,0.6818,14264.89,1366.618,平方米,8.11,低负荷,MES,2024-03,消耗量插补
2024-06-05,W07,动力站,E04,工业水,1071.388,m³,3.995,4280.17,493.514,吨蒸汽,27.2,正常,MES,2024-06,负值取绝对值
2025-03-13,W06,装配车间,E05,压缩空气,4285.88,m³,0.286,1225.72,290.401,台,10.82,正常,MES,2025-03,负值取绝对值
2025-05-23,W07,动力站,E01,电力,8456.473,kWh,0.67965,5849.56,582.593,吨蒸汽,22.04,正常,MES,2025-05,单价插补
2024-12-20,W05,表面处理车间,E03,蒸汽,32.127,t,220.3581,7021.81,7415.943,平方米,0.04,正常,MES,2024-12,单价插补
2024-03-15,W08,包装车间,E05,压缩空气,1271.523,m³,0.2793,355.51,10010.344,件,4.95,正常,MES,2024-03,单价插补
2024-03-16,W02,轧制车间,E04,工业水,178.667,m³,4.1917,748.91,325.543,吨,4.18,正常,MES,2024-03,负值取绝对值
2024-12-11,W05,表面处理车间,E02,天然气,1162.815,m³,3.3911,3943.22,7528.869,平方米,-1.74,正常,MES,2024-12,消耗量插补
2024-03-05,W02,轧制车间,E01,电力,36459.476,kWh,0.6688,24384.1,329.347,吨,7.97,正常,MES,2024-03,消耗量插补
2024-12-05,W06,装配车间,E01,电力,12972.212,kWh,0.6657,8635.6,289.848,台,-3.84,正常,MES,2024-12,消耗量插补
2025-01-17,W07,动力站,E04,工业水,963.023,m³,4.0377,3888.4,542.28,吨蒸汽,-7.45,正常,MES,2025-01,费用重算
2024-02-18,W01,熔炼车间,E05,压缩空气,2941.293,m³,0.2807,822.64,252.484,吨,-4.68,正常,MES,2024-02,单价插补
2025-11-08,W04,机加工车间,E01,电力,12763.208,kWh,0.6802,8592.4,2913.861,件,2.48,低负荷,MES,2025-11,单价插补
2024-01-07,W01,熔炼车间,E01,电力,45456.254499999995,kWh,0.6866,31210.26,261.433,吨,-2.45,正常,MES,2024-01,消耗量插补
2025-02-24,W01,熔炼车间,E05,压缩空气,3061.498,m³,0.286,875.59,290.326,吨,-1.62,正常,MES,2025-02,费用重算
2024-12-04,W06,装配车间,E01,电,12972.212,kWh,0.6759,9186.98,285.541,台,-1.24,正常,MES,2024-12,消耗量插补
2025-04-15,W02,轧制车间,E03,蒸汽,40.442,t,218.8067,8848.98,334.281,吨,15.59,正常,MES,2025-04,消耗量插补
2024-09-27,W01,熔炼车间,E04,工业水,273.155,m³,4.0977,1099.54,303.12,吨,19.57,正常,MES,2024-09,单价插补
2025-07-20,W07,动力站,E02,天然气,11846.304,m³,3.4437,40741.12,539.475,吨蒸汽,26.04,正常,MES,2025-07,单价插补
2024-09-17,W08,包装车间,E01,电力,5361.0255,kWh,0.6709,3596.71,638.584,件,21.27,停产,MES,2024-09,消耗量插补
2024-05-13,W02,轧制车间,E04,工业水,177.492,m³,4.2244,714.88,347.538,吨,24.51,正常,MES,2024-05,消耗量插补
2025-06-03,W01,熔炼车间,E04,工业水,283.079,m³,4.118,1165.71,294.302,吨,25.52,正常,MES,2025-06,负值取绝对值
2024-03-31,W01,熔炼车间,E01,电力,39808.244,kWh,0.6811,26770.14,213.252,吨,7.04,正常,MES,2024-03,单价插补
2024-07-04,W07,动力站,E04,工业水,875.818,m³,4.1039,3609.08,494.471,吨蒸汽,28.07,正常,MES,2024-07,单价插补
2025-11-21,W01,熔炼车间,E02,天然气,11023.464,m³,3.3673,37119.31,292.079,吨,1.18,正常,MES,2025-11,费用重算
2025-11-23,W01,熔炼车间,E05,压缩空气,3033.541,m³,0.2801,841.47,266.436,吨,1.52,正常,MES,2025-11,单价插补
2025-11-15,W07,动力站,E01,电力,8955.584,kWh,0.6722,6019.94,545.927,吨蒸汽,7.78,正常,MES,2025-11,消耗量插补
2024-05-30,W05,表面处理车间,E01,电力,20300.1815,kWh,0.6856,13917.8,6469.521,平方米,21.14,正常,MES,2024-05,消耗量插补
2025-08-22,W08,包装车间,E05,压缩空气,1408.494,m³,0.2809,381.41,11484.827,件,26.57,正常,MES,2025-08,消耗量插补
2024-06-30,W01,熔炼车间,E04,工业水,261.149,m³,4.0479,1012.99,264.492,吨,27.86,正常,MES,2024-06,消耗量插补
2025-09-30,W03,热处理车间,E02,天然气,7005.445,m³,3.5107,24594.02,103.513,吨,22.55,正常,MES,2025-09,费用重算
2024-11-22,W02,轧制车间,E02,天燃气,7267.295,m³,3.4966,25756.49,330.64,吨,5.23,正常,MES,2024-11,消耗量插补
2025-02-04,W02,轧制车间,E01,电力,35523.288,kWh,0.6813,24174.21,299.946,吨,1.87,正常,MES,2025-02,单价插补
2025-01-19,W03,热处理车间,E01,电力,27091.527,kWh,0.6822,18481.84,90.311,吨,-5.53,正常,MES,2025-01,费用重算
2025-06-06,W07,动力站,E01,电力,9741.595,kWh,0.67945,6692.63,590.845,吨蒸汽,31.22,正常,MES,2025-06,单价插补
2024-12-15,W07,动力站,E06,柴油,179.824,kg,7.6382,1373.53,495.913,吨蒸汽,-3.68,正常,MES,2024-12,负值取绝对值
2025-01-29,W05,表面处理车间,E01,电力,23340.817,kWh,0.6654,15530.98,406.285,平方米,-4.2,停产,MES,2025-01,消耗量插补
2025-01-19,W06,装配车间,E05,压缩空气,4002.881,m³,0.2856,1143.22,52.511,台,-5.53,低负荷,MES,2025-01,消耗量插补
2025-10-31,W08,包装车间,E05,压缩空气,1318.4435,m³,0.2801,369.3,10596.286,件,9.71,正常,MES,2025-10,消耗量插补
2025-11-08,W08,包装车间,E05,压缩空气,871.742,m³,0.2851,248.57,6949.439,件,2.48,低负荷,MES,2025-11,负值取绝对值
2025-06-25,W05,表面处理车间,E04,工业水,443.477,m³,4.1031,1817.43,7724.938,平方米,28.17,正常,MES,2025-06,单价插补
2025-02-08,W02,轧制车间,E04,工业水,182.86,m³,4.1413,757.28,317.944,吨,-4.03,正常,MES,2025-02,消耗量插补
2025-01-28,W08,包装车间,E01,电力,5805.0265,kWh,0.6668,3870.79,611.71,件,-6.53,停产,MES,2025-01,消耗量插补
2025-08-31,W05,表面处理车间,E01,电力,9311.505,kWh,0.679,6116.61,1519.496,平方米,31.27,低负荷,MES,2025-08,单价插补
2024-06-24,W05,表面处理车间,E02,天然气,706.817,m³,3.4395,2455.67,6905.235,平方米,21.03,正常,MES,2024-06,单价插补
2025-11-10,W03,热处理车间,E01,电力,26760.905,kWh,0.6802,18075.98,100.921,吨,-1.25,正常,MES,2025-11,单价插补
2025-11-05,W05,表面处理车间,E02,天然气,1036.152,m³,3.4636,3594.12,7786.636,平方米,7.06,正常,MES,2025-11,消耗量插补
2024-05-06,W06,装配车间,E01,电力,11211.0835,kWh,0.6797,7620.17,256.804,台,19.38,正常,MES,2024-05,消耗量插补
2025-11-08,W01,熔炼车间,E04,新水,250.519,m³,4.1046,1006.75,281.012,吨,2.48,正常,MES,2025-11,单价插补
2024-11-28,W06,装配车间,E05,压缩空气,4133.1404999999995,m³,0.2822,1156.73,267.837,台,4.32,正常,MES,2024-11,消耗量插补
2025-07-09,W07,动力站,E04,工业水,932.713,m³,4.2007,4062.1,458.163,吨蒸汽,34.53,正常,MES,2025-07,消耗量插补
2025-02-10,W06,装配车间,E05,压缩空气,4039.741,m³,0.2733,1147.29,281.748,台,-4.67,正常,MES,2025-02,消耗量插补
2025-10-13,W02,轧制车间,E04,工业水,184.7455,m³,4.1503,793.77,367.866,吨,11.58,正常,MES,2025-10,消耗量插补
2024-12-03,W03,热处理车间,E03,蒸汽,36.7075,t,221.8866,8144.9,94.494,吨,-5.14,正常,MES,2024-12,消耗量插补
2025-01-18,W04,机加工车间,E05,压缩空气,4053.24,m³,0.2807,1135.6,2299.873,件,-7.86,低负荷,MES,2025-01,单价插补
2025-06-23,W01,熔炼车间,E01,电,50028.404,kWh,0.67945,34045.31,283.678,吨,27.34,正常,MES,2025-06,单价插补
2025-03-07,W01,熔炼车间,E02,天然气,10636.113,m³,3.4462,36890.01,,吨,6.23,正常,MES,2025-03,单价插补
2025-01-12,W05,表面处理车间,E01,电力,23340.817,kWh,0.6606,15418.94,1286.777,平方米,-0.77,低负荷,MES,2025-01,消耗量插补
2024-12-08,W05,表面处理车间,E01,电力,8690.245,kWh,0.6776,5888.51,1370.255,平方米,3.88,低负荷,MES,2024-12,费用重算
2025-08-13,W08,包装车间,E05,压缩空气,1408.494,m³,0.2724,391.58,10808.713,件,29.17,正常,MES,2025-08,消耗量插补
2025-05-11,W02,轧制车间,E01,电力,35568.642,kWh,0.67965,24055.38,318.285,吨,19.69,正常,MES,2025-05,单价插补
2024-03-30,W01,熔炼车间,E02,天然气,10197.768,m³,3.437,35049.73,288.394,吨,5.84,正常,MES,2024-03,消耗量插补
2025-06-27,W08,包装车间,E05,压缩风,1411.103,m³,0.28075,397.39,11701.504,件,25.29,正常,MES,2025-06,单价插补
2025-12-02,W06,装配车间,E05,压缩空气,4235.5535,m³,0.266,1126.66,298.005,台,-0.43,正常,MES,2025-12,消耗量插补
2025-02-21,W06,装配车间,E01,电力,12232.967,kWh,0.6964,8612.63,284.016,台,-0.7,正常,MES,2025-02,消耗量插补
2024-10-16,W07,动力站,E02,天然气,15417.448,m³,3.4507,53200.99,560.735,吨蒸汽,15.27,正常,MES,2024-10,费用重算
2025-03-12,W02,轧制车间,E02,天然气,6803.343,m³,3.4462,23623.13,336.686,吨,3.76,正常,MES,2025-03,单价插补
2024-04-13,W05,表面处理车间,E04,工业水,409.7305,m³,4.0857,1674.04,4436.732,平方米,20.04,低负荷,MES,2024-04,消耗量插补
2025-04-25,W02,轧制车间,E01,电力,36371.16,kWh,0.6806,24172.64,339.608,吨,16.35,正常,MES,2025-04,单价插补
2024-04-15,W05,表面处理车间,E03,蒸汽,25.428,t,220.2287,5489.93,7028.937,平方米,15.74,正常,MES,2024-04,单价插补
2024-05-01,W08,包装车间,E01,电力,940.205,kWh,0.6872,646.11,582.219,件,19.25,停产,MES,2024-05,费用重算
2025-09-11,W03,热处理车间,E02,天然气,6794.95,m³,3.4454,23184.25,95.296,吨,22.79,正常,MES,2025-09,单价插补
2025-10-09,W04,机加工车间,E01,电力,16356.388,kWh,0.6984,11423.3,4720.537,件,13.63,正常,MES,2025-10,消耗量插补
2024-05-26,W02,轧制车间,E03,蒸汽,36.327,t,221.0392,8029.69,344.658,吨,22.7,正常,MES,2024-05,消耗量插补
2024-09-19,W05,表面处理车间,E04,工业水,436.365,m³,4.0977,1778.21,7077.255,平方米,15.51,正常,MES,2024-09,单价插补
2025-05-04,W06,装配车间,E05,压缩空气,837.367,m³,0.2792,233.83,17.448,台,22.87,停产,MES,2025-05,负值取绝对值
2024-04-16,W01,熔炼车间,E01,电力,40591.214,kWh,0.6686,27139.29,254.863,吨,17.95,正常,MES,2024-04,费用重算
2024-07-27,W08,包装车间,E05,压缩空气,963.082,m³,0.2795,273.96,6269.035,件,26.99,低负荷,MES,2024-07,单价插补
2024-05-14,W06,装配车间,E05,压缩空气,4416.559,m³,0.2793,1252.9,236.587,台,22.96,正常,MES,2024-05,单价插补
2024-07-24,W04,机加工车间,E01,电力,22651.336,kWh,0.6809,15305.76,4763.952,件,25.62,正常,MES,2024-07,单价插补
2024-07-06,W02,轧制车间,E04,工业水,179.014,m³,4.0845,731.18,328.62,吨,23.9,正常,MES,2024-07,消耗量插补
2025-10-13,W04,机加工车间,E05,压缩空气,5637.125,m³,0.2801,1571.15,4368.372,件,11.58,正常,MES,2025-10,单价插补
2024-08-28,W02,轧制车间,E04,工业水,163.699,m³,4.1444,678.43,328.217,吨,30.49,正常,MES,2024-08,负值取绝对值
2024-11-05,W01,熔炼车间,E04,工业水,263.893,m³,4.0964,1097.53,257.336,吨,9.4,正常,MES,2024-11,负值取绝对值
2025-06-09,W06,装配车间,E05,压缩空气,4502.697,m³,0.28075,1279.04,289.992,台,26.15,正常,MES,2025-06,单价插补
2025-10-29,W05,表面处理车间,E04,工业水,451.523,m³,4.1086,1879.47,7821.359,平方米,15.03,正常,MES,2025-10,单价插补
2025-07-30,W02,轧制车间,E03,蒸汽,39.328,t,214.8827,8450.91,328.627,吨,24.59,正常,MES,2025-07,费用重算
2025-01-08,W03,热处理车间,E03,蒸汽,36.729,t,223.5049,8079.71,101.132,吨,-6.83,正常,MES,2025-01,消耗量插补
2024-01-19,W03,热处理车间,E01,电力,28726.049,kWh,0.6803,19855.99,93.732,吨,0.35,正常,MES,2024-01,消耗量插补
2024-08-01,W04,机加工车间,E01,电力,21304.821,kWh,0.6758,14397.8,4358.094,件,26.58,正常,MES,2024-08,消耗量插补
2025-03-31,W04,机加工车间,E04,工业水,61.084,m³,4.2125,264.37,4493.864,件,10.82,正常,MES,2025-03,消耗量插补
2024-07-06,W03,热处理车间,E03,蒸汽,23.202,t,223.5935,5187.82,102.621,吨,23.9,正常,MES,2024-07,费用重算
2025-06-07,W01,熔炼车间,E05,压缩空气,3264.591,m³,0.28075,907.41,281.266,吨,24.76,正常,MES,2025-06,单价插补
2024-10-19,W06,装配车间,E05,压缩空气,3963.078,m³,0.2802,1110.45,172.026,台,15.47,低负荷,MES,2024-10,消耗量插补
2025-12-23,W02,轧制车间,E01,电力,43597.365,kWh,0.666,30141.07,322.748,吨,0.8,正常,MES,2025-12,消耗量插补
2025-05-14,W07,动力站,E01,电力,8791.068,kWh,0.67965,5944.33,582.12,吨蒸汽,19.25,正常,MES,2025-05,单价插补
2025-08-09,W08,包装车间,E01,电力,4086.906,kWh,0.679,2799.17,6604.66,件,30.16,低负荷,MES,2025-08,单价插补
2024-11-10,W04,机加工车间,E01,电力,6941.831,kWh,0.68035,4666.9,824.502,件,7.28,低负荷,MES,2024-11,单价插补
2025-09-04,W07,动力站,E06,柴油,182.246,kg,7.8935,1402.15,566.834,吨蒸汽,18.14,正常,MES,2025-09,消耗量插补
2024-12-07,W03,热处理车间,E03,蒸汽,36.642,t,216.1614,7920.59,89.459,吨,-1.02,正常,MES,2024-12,费用重算
2025-05-26,W08,包装车间,E05,压缩空气,1398.672,m³,0.2833,403.48,9900.438,件,19.87,正常,MES,2025-05,消耗量插补
2024-09-28,W06,装配车间,E01,电力,11932.78,kWh,0.6715,8012.86,163.1,台,23.63,低负荷,MES,2024-09,消耗量插补
2025-09-28,W07,动力站,E04,工业水,919.797,m³,4.1378,3774.86,560.325,吨蒸汽,19.24,正常,MES,2025-09,消耗量插补
2024-12-29,W02,轧制车间,E01,电力,42403.051,kWh,0.6887,28248.26,327.809,吨,0.05,正常,MES,2024-12,消耗量插补
2024-11-26,W06,装配车间,E01,电力,12988.104,kWh,0.68035,8929.11,281.741,台,5.67,正常,MES,2024-11,单价插补
2025-12-25,W03,热处理车间,E03,蒸汽,37.566,t,219.2779,8258.45,108.02,吨,-6.85,正常,MES,2025-12,单价插补
2025-06-13,W06,装配,E05,压缩空气,4424.914,m³,0.28075,1198.07,291.409,台,25.45,正常,MES,2025-06,单价插补
2025-06-08,W02,轧制车间,E03,蒸汽,33.587,t,219.5255,7413.56,353.575,吨,24.76,正常,MES,2025-06,单价插补
2025-03-15,W04,机加工车间,E05,压缩空气,5648.639999999999,m³,0.2783,1572.02,3005.844,件,3.85,低负荷,MES,2025-03,消耗量插补
2025-11-25,W02,轧制车间,E02,天然气,7220.343,m³,3.4288,25523.67,355.014,吨,2.72,正常,MES,2025-11,消耗量插补
2024-09-22,W08,包装车间,E01,电力,5361.0255,kWh,0.6697,3590.28,2131.052,件,21.9,低负荷,MES,2024-09,消耗量插补
2025-08-26,W02,轧制车间,E02,天然气,4786.149,m³,3.4375,16452.39,336.671,吨,28.08,正常,MES,2025-08,消耗量插补
2024-10-01,W02,轧制车间,E04,工业水,169.143,m³,4.1099,709.61,306.011,吨,15.24,正常,MES,2024-10,单价插补
2025-05-06,W07,动力站,E04,工业水,893.7909999999999,m³,4.0857,3489.71,571.385,吨蒸汽,23.52,正常,MES,2025-05,消耗量插补
2025-02-02,W02,轧制车间,E01,电力,41345.447,kWh,0.6813,28384.98,,吨,0.0,正常,MES,2025-02,单价插补
2024-08-06,W07,动力站,E06,柴油,179.3015,kg,7.9718,1429.36,532.793,吨蒸汽,27.53,正常,MES,2024-08,消耗量插补
2025-04-26,W02,轧制车间,E03,蒸汽,40.442,t,218.2579,8826.79,334.415,吨,16.49,正常,MES,2025-04,消耗量插补
2024-09-10,W06,装配车间,E01,电力,11870.909,kWh,0.6803,8112.75,248.915,台,22.81,正常,MES,2024-09,单价插补
2024-08-19,W06,装配车间,E05,压缩空气,4174.5975,m³,0.2809,1187.92,279.839,台,26.35,正常,MES,2024-08,消耗量插补
2025-05-20,W01,熔炼车间,E04,工业水,259.847,m³,4.0261,1004.44,277.674,吨,24.27,正常,MES,2025-05,消耗量插补
2024-06-25,W05,表面处理车间,E04,工业水,407.731,m³,4.0682,1726.05,7457.798,平方米,24.07,正常,MES,2024-06,消耗量插补
2025-08-16,W04,机加工车间,E05,压缩空气,3845.346,m³,0.2814,1082.08,2938.666,件,24.99,低负荷,MES,2025-08,费用重算
2024-08-06,W08,包装车间,E01,电力,6149.9745,kWh,0.6701,4199.52,9874.621,件,27.53,正常,MES,2024-08,消耗量插补
2024-05-13,W02,轧制车间,E03,蒸汽,36.327,t,212.7216,7727.54,347.538,吨,24.51,正常,MES,2024-05,消耗量插补
2024-05-22,W03,热处理车间,E03,蒸汽,24.237,t,219.69315,5365.45,104.043,吨,23.35,正常,MES,2024-05,单价插补
2024-08-03,W02,轧制车间,E03,蒸汽,36.154,t,219.9231,7826.31,315.932,吨,25.06,正常,MES,2024-08,单价插补
2024-05-06,W07,动力站,E04,工业水,1015.836,m³,4.0995,4012.68,566.95,吨蒸汽,19.38,正常,MES,2024-05,单价插补
2025-11-13,W02,轧制车间,E04,工业水,186.469,m³,4.1381,772.42,362.833,吨,6.36,正常,MES,2025-11,消耗量插补
2025-02-11,W03,热处理,E02,天然气,12109.827,m³,3.4493,40700.84,96.861,吨,-2.96,正常,MES,2025-02,单价插补
2024-03-19,W02,轧制车间,E03,蒸汽,44.003,t,219.3084,9899.0,321.814,吨,9.68,正常,MES,2024-03,单价插补
2025-06-24,W02,轧制车间,E02,天然气,4918.663500000001,m³,3.4363,16902.0,330.381,吨,26.14,正常,MES,2025-06,消耗量插补
2025-05-03,W02,轧制车间,E04,工业水,169.908,m³,4.1155,699.25,280.996,吨,19.93,正常,MES,2025-05,负值取绝对值
2025-01-24,W04,机加工车间,E04,工业水,59.303,m³,4.2009,249.12,4279.156,件,-7.8,正常,MES,2025-01,负值取绝对值
2025-11-20,W06,装配车间,E05,压缩风,4575.992,m³,0.2801,1265.3,283.281,台,6.73,正常,MES,2025-11,单价插补
2024-02-29,W07,动力站,E06,柴油,177.131,kg,7.8918,1449.4,542.472,吨蒸汽,0.96,正常,MES,2024-02,单价插补
2024-03-18,W01,熔炼车间,E04,工业水,275.713,m³,4.0993,1123.82,260.813,吨,9.72,正常,MES,2024-03,单价插补
2024-09-15,W05,表面处理车间,E01,电力度,22015.678,kWh,0.6643,14625.01,407.71,平方米,16.19,停产,MES,2024-09,消耗量插补
2025-01-15,W02,轧制车间,E03,蒸汽,54.289,t,219.5843,11762.5,359.742,吨,-1.86,正常,MES,2025-01,单价插补
2025-12-09,W06,装配车间,E01,电力,14681.043,kWh,0.679,10101.3,314.485,台,-3.52,正常,MES,2025-12,单价插补
2025-11-02,W01,熔炼车间,E04,工业水,265.249,m³,3.9719,1058.84,275.868,吨,5.22,正常,MES,2025-11,消耗量插补
2025-01-06,W06,装配车间,E01,电力,12207.966,kWh,0.6743,8231.83,252.68,台,-6.05,正常,MES,2025-01,消耗量插补
2024-02-20,W06,装配车间,E01,电力,11557.0895,kWh,0.6752,7803.35,272.68,台,-2.45,正常,MES,2024-02,消耗量插补
2024-02-16,W03,热处理车间,E03,蒸汽,34.6355,t,219.8914,7804.01,84.5,吨,-1.73,正常,MES,2024-02,消耗量插补
2024-07-19,W07,动力站,E04,工业水,899.8385000000001,m³,4.1225,3664.07,544.812,吨蒸汽,29.56,正常,MES,2024-07,消耗量插补
2024-04-21,W05,表面处理车间,E04,工业水,409.7305,m³,4.1936,1718.25,1398.567,平方米,18.71,低负荷,MES,2024-04,消耗量插补
2024-03-17,W03,热处理车间,E01,电力,23560.4,kWh,0.6913,16287.3,88.808,吨,5.47,正常,MES,2024-03,费用重算
2025-07-22,W05,表面处理车间,E02,天然气,700.296,m³,3.4437,2372.95,7393.579,平方米,24.82,正常,MES,2025-07,单价插补
2025-02-14,W02,轧制车间,E01,电力,41601.906,kWh,0.6813,27872.93,317.342,吨,-2.48,正常,MES,2025-02,单价插补
2024-05-25,W01,熔炼车间,E05,压缩空气,3146.1765,m³,0.2772,838.94,271.781,吨,20.67,正常,MES,2024-05,消耗量插补
2025-08-26,W06,装配车间,E01,电力,13937.343,kWh,0.6833,9409.58,286.833,台,28.08,正常,MES,2025-08,消耗量插补
2025-04-23,W06,装配车间,E01,电力,10522.172,kWh,0.6806,7190.88,236.888,台,15.46,正常,MES,2025-04,单价插补
2024-11-14,W04,机加工车间,E05,压缩空气,5697.987,m³,0.2801,1544.13,4711.79,件,9.5,正常,MES,2024-11,单价插补
2025-03-19,W07,动力站,E01,电力,8699.897,kWh,0.6787,5821.48,504.58,吨蒸汽,2.59,正常,MES,2025-03,单价插补
2025-10-15,W07,动力站,E06,柴油,170.831,kg,7.86165,1323.48,590.108,吨蒸汽,16.19,正常,MES,2025-10,单价插补
2025-05-13,W05,表面处理车间,E01,电力,21814.496,kWh,0.67965,14787.78,7250.052,平方米,21.69,正常,MES,2025-05,单价插补
2025-01-24,W05,表面处理车间,E01,电力,24826.964,kWh,0.6791,17112.3,7569.309,平方米,-7.8,正常,MES,2025-01,单价插补
2024-11-02,W08,包装车间,E01,电力,3743.113,kWh,0.68035,2587.97,5983.299,件,3.42,低负荷,MES,2024-11,单价插补
2025-07-29,W01,熔炼车间,E02,天然气,6997.195,m³,3.4437,24554.73,,吨,27.26,正常,MES,2025-07,单价插补
2025-08-17,W07,动力站,E04,工业水,913.7535,m³,4.0812,3729.21,454.699,吨蒸汽,25.08,正常,MES,2025-08,消耗量插补
2025-02-08,W05,表面处理车间,E04,工业水,259.069,m³,4.1091999999999995,1066.0,4226.35,平方米,-4.03,低负荷,MES,2025-02,单价插补
2024-11-20,W05,表面处理车间,E03,蒸汽,28.32,t,216.788,6410.24,6433.505,平方米,6.07,正常,MES,2024-11,消耗量插补
2024-10-25,W03,热处理,E02,天然气,8368.019,m³,3.4455,28488.71,94.276,吨,12.48,正常,MES,2024-10,单价插补
2024-04-06,W02,轧制车间,E04,工业水,165.33,m³,4.1569,687.26,291.475,吨,18.34,正常,MES,2024-04,费用重算
2024-04-30,W01,熔炼车间,E02,天然气,8609.946,m³,3.4477,29684.26,244.406,吨,14.46,正常,MES,2024-04,负值取绝对值
2024-01-31,W05,表面处理车间,E01,电力,25000.324,kWh,0.6939,17347.72,6578.017,平方米,-0.1,正常,MES,2024-01,费用重算
2024-03-15,W05,表面处理车间,E03,蒸汽,25.7485,t,218.9801,5638.41,7277.694,平方米,4.95,正常,MES,2024-03,消耗量插补
2025-11-10,W05,表面处理车间,E03,蒸汽,28.727,t,215.7785,6037.73,7274.725,平方米,-1.25,正常,MES,2025-11,消耗量插补
2024-10-22,W02,轧制车间,E01,电力,36027.259,kWh,0.6983,25157.83,327.173,吨,14.38,正常,MES,2024-10,消耗量插补
2025-09-01,W03,热处理车间,E02,天然气,7178.968,m³,3.5496,25482.46,91.103,吨,19.17,正常,MES,2025-09,费用重算
2024-04-06,W05,表面处理车间,E02,天然气,809.251,m³,3.4164,2764.73,423.862,平方米,18.34,停产,MES,2024-04,消耗量插补
2025-10-07,W07,动力车间,E04,工业水,927.42,m³,4.146,3738.65,475.545,吨蒸汽,14.72,正常,MES,2025-10,消耗量插补
2025-09-18,W01,熔炼车间,E05,压缩空气,3294.81,m³,0.2757,909.97,281.477,吨,19.95,正常,MES,2025-09,消耗量插补
2025-02-18,W08,包装车间,E05,压缩空气,1364.084,m³,0.2842,387.67,10469.311,件,1.59,正常,MES,2025-02,消耗量插补
2024-11-10,W02,轧制车间,E03,蒸汽,44.837,t,219.4833,9501.01,325.861,吨,7.28,正常,MES,2024-11,单价插补
2025-11-12,W08,包装车间,E01,电力,6108.048,kWh,0.6802,4248.33,9390.462,件,8.54,正常,MES,2025-11,单价插补
2025-04-12,W07,动力站,E02,天然气,15510.127,m³,3.5152,52020.1,536.36,吨蒸汽,14.88,正常,MES,2025-04,消耗量插补
2025-06-16,W04,机加工车间,E04,工业水,60.253,m³,4.0506,245.1,4919.091,件,20.69,正常,MES,2025-06,消耗量插补
2024-02-06,W02,轧制车间,E03,蒸汽,50.831500000000005,t,217.4686,11539.34,345.466,吨,-2.27,正常,MES,2024-02,消耗量插补
2025-12-11,W05,表面处理车间,E04,工业水,439.321,m³,4.1018,1780.98,7344.617,平方米,-1.53,正常,MES,2025-12,单价插补
2024-05-06,W02,轧制车间,E04,工业水,195.863,m³,4.1429,811.44,350.267,吨,19.38,正常,MES,2024-05,费用重算
2024-05-20,W02,轧制车间,E01,电力,37489.219,kWh,0.68015,26057.02,298.896,吨,26.03,正常,MES,2024-05,单价插补
2025-06-26,W04,机加工车间,E05,压缩空气,5476.327,m³,0.2764,1539.38,4756.222,件,25.79,正常,MES,2025-06,消耗量插补
2025-10-30,W04,机加工车间,E01,电力,16356.388,kWh,0.6779,11088.0,4656.092,件,15.53,正常,MES,2025-10,消耗量插补
2025-05-09,W05,表面处理车间,E04,工业水,386.893,m³,4.1097,1590.39,7333.528,平方米,23.83,正常,MES,2025-05,单价插补
2025-02-16,W02,轧制车间,E02,天然气,8177.581,m³,3.4767,28431.0,315.596,吨,3.62,正常,MES,2025-02,消耗量插补
2025-01-12,W02,轧制车间,E01,电力,41488.3245,kWh,0.6671,28086.9,294.84,吨,-0.77,正常,MES,2025-01,消耗量插补
2024-03-11,W01,熔炼车间,E01,电力,41846.543,kWh,0.6811,28141.03,260.895,吨,4.06,正常,MES,2024-03,单价插补
2025-01-09,W04,机加工车间,E01,电力,19576.123,kWh,0.6751,13215.84,3852.733,件,-3.07,正常,MES,2025-01,消耗量插补
2024-01-17,W07,动力站,E06,柴油,177.08,kg,7.8388,1388.09,511.998,吨蒸汽,-4.89,正常,MES,2024-01,消耗量插补
2025-12-29,W06,装配车间,E01,电力度,12853.556,kWh,0.6733,8654.06,278.656,台,1.21,正常,MES,2025-12,负值取绝对值
2024-03-17,W01,熔炼车间,E01,电力,40666.445,kWh,0.6811,27361.69,228.105,吨,5.47,正常,MES,2024-03,单价插补
2025-03-30,W03,热处理车间,E03,蒸汽,32.351,t,220.2172,7133.59,91.501,吨,8.97,正常,MES,2025-03,单价插补
2024-11-05,W07,动力站,E06,柴油,181.961,kg,7.7556,1377.25,571.351,吨蒸汽,9.4,正常,MES,2024-11,消耗量插补
2025-02-16,W07,动力站,E06,柴油,179.2465,kg,7.7495,1389.07,552.227,吨蒸汽,3.62,正常,MES,2025-02,消耗量插补
2025-04-17,W03,热处理车间,E02,天然气,8359.2835,m³,3.4871,29149.66,106.021,吨,16.9,正常,MES,2025-04,消耗量插补
2024-10-29,W02,轧制车间,E01,电力,36027.259,kWh,0.6911,24898.44,310.411,吨,14.94,正常,MES,2024-10,消耗量插补
2025-10-16,W04,机加工车间,E04,工业水,62.433,m³,4.1086,258.05,4652.865,件,16.35,正常,MES,2025-10,单价插补
2025-06-16,W02,轧制车间,E03,蒸汽,36.203,t,218.5411,7911.84,329.33,吨,20.69,正常,MES,2025-06,消耗量插补
2025-04-14,W04,机加工车间,E01,电力,17392.265,kWh,0.6806,11694.01,4326.336,件,12.64,正常,MES,2025-04,单价插补
2024-12-21,W05,表面处理车间,E03,蒸汽,31.055,t,222.1287,6898.21,4290.009,平方米,-1.63,低负荷,MES,2024-12,消耗量插补
2025-04-27,W03,热处理车间,E02,天然气,8052.512,m³,3.45085,28360.27,98.868,吨,18.9,正常,MES,2025-04,单价插补
2025-04-12,W03,热处理车间,E01,电力,23913.4625,kWh,0.6985,17095.37,97.988,吨,14.88,正常,MES,2025-04,消耗量插补
2025-11-25,W07,动力站,E04,工业水,902.144,m³,4.2038,3792.43,566.267,吨蒸汽,2.72,正常,MES,2025-11,消耗量插补
2024-05-02,W02,轧制车间,E02,天然气,5081.6155,m³,3.4802,16842.29,297.677,吨,19.64,正常,MES,2024-05,消耗量插补
2025-10-02,W05,表面处理车间,E01,电力,5637.268,kWh,0.6882,3879.57,439.112,平方米,14.89,停产,MES,2025-10,费用重算
2025-10-17,W03,热处理车间,E02,天然气,8189.1625,m³,3.3757,27644.16,99.769,吨,17.97,正常,MES,2025-10,消耗量插补
2024-05-14,W05,表面处理车间,E04,工业水,399.677,m³,4.1247,1648.55,7492.989,平方米,22.96,正常,MES,2024-05,消耗量插补
2024-02-01,W04,机加工车间,E01,电力,19133.073,kWh,0.6993,13380.28,3773.637,件,0.17,正常,MES,2024-02,负值取绝对值
2025-07-30,W08,包装车间,E01,电力,6442.8695,kWh,0.665,4284.51,10507.513,件,24.59,正常,MES,2025-07,消耗量插补
2025-12-19,W07,动力站,E01,电力,9627.662,kWh,0.6867,6611.32,534.762,吨蒸汽,-0.09,正常,MES,2025-12,消耗量插补
2024-01-11,W02,轧制车间,E01,电力,40972.566,kWh,0.6803,27293.54,332.414,吨,-4.15,正常,MES,2024-01,单价插补
2025-10-01,W07,动力站,E01,电力,7530.133,kWh,0.6795,5021.19,501.267,吨蒸汽,9.97,正常,MES,2025-10,单价插补
2025-03-21,W07,动力站,E06,柴油,183.694,kg,7.8485,1441.72,598.277,吨蒸汽,3.92,正常,MES,2025-03,负值取绝对值
2024-01-29,W06,装配车间,E01,电力,12559.237,kWh,0.6817,8561.63,265.101,台,-7.36,正常,MES,2024-01,费用重算
2025-03-20,W04,机加工车间,E01,电力,19130.295,kWh,0.6787,12981.56,4408.386,件,9.54,正常,MES,2025-03,单价插补
2025-11-12,W01,熔炼车间,E05,压缩空气,3409.321,m³,0.2801,950.76,304.587,吨,8.54,正常,MES,2025-11,单价插补
2025-10-02,W07,动力站,E02,天然气,15885.614,m³,3.4456,54735.47,514.602,吨蒸汽,14.89,正常,MES,2025-10,消耗量插补
2024-05-01,W01,熔炼车间,E01,电力,39805.024999999994,kWh,0.6916,27529.16,234.807,吨,19.25,正常,MES,2024-05,消耗量插补
2024-05-04,W01,熔炼车间,E01,电力,34462.384,kWh,0.68015,23516.86,225.835,吨,22.69,正常,MES,2024-05,单价插补
2025-11-09,W06,装配车间,E01,电力,4408.26,kWh,0.6796,2995.85,53.199,台,9.48,低负荷,MES,2025-11,费用重算
2024-10-17,W07,动力站,E01,电力度,8549.502,kWh,0.6828,5837.6,541.895,吨蒸汽,11.64,正常,MES,2024-10,费用重算
2024-10-14,W06,装配车间,E01,电力,11880.051,kWh,0.67975,8078.99,273.584,台,15.77,正常,MES,2024-10,单价插补
2024-07-31,W06,装配车间,E01,电力,14258.962500000001,kWh,0.6911,9854.37,253.093,台,29.04,正常,MES,2024-07,消耗量插补
2025-02-19,W04,机加工车间,E01,电力,20890.999,kWh,0.6813,14013.95,4155.404,件,0.92,正常,MES,2025-02,单价插补
2025-12-20,W01,熔炼车间,E02,天然气,13491.193,m³,3.4863,47034.35,255.731,吨,1.18,正常,MES,2025-12,消耗量插补
2024-08-14,W01,熔炼车间,E04,工业水,268.242,m³,4.1039,1094.87,259.559,吨,27.96,正常,MES,2024-08,单价插补
2024-04-05,W07,动力站,E02,天然气,15243.608,m³,3.3746,49769.22,494.218,吨蒸汽,18.24,正常,MES,2024-04,消耗量插补
2024-01-18,W07,动力站,E06,柴油,177.08,kg,7.9746,1461.35,580.334,吨蒸汽,-7.66,正常,MES,2024-01,消耗量插补
2024-03-21,W08,包装车间,E01,电力,5434.722,kWh,0.6811,3681.39,9363.208,件,7.19,正常,MES,2024-03,单价插补
2025-02-11,W04,机加工车间,E01,电力,20104.032,kWh,0.6813,13862.3,4231.518,件,-2.96,正常,MES,2025-02,单价插补
2024-07-10,W03,热处理车间,E03,蒸汽,25.119,t,221.0796,5561.4,92.372,吨,27.13,正常,MES,2024-07,单价插补
2024-08-13,W05,表面处理车间,E02,天然气,742.681,m³,3.4554,2555.6,7286.01,平方米,31.69,正常,MES,2024-08,单价插补
2025-01-22,W05,表面处理车间,E03,蒸汽,32.907,t,214.2628,7050.83,6644.225,平方米,-11.0,正常,MES,2025-01,负值取绝对值
2025-09-15,W01,熔炼车间,E05,压缩空气,3193.32,m³,0.2885,921.33,276.725,吨,28.25,正常,MES,2025-09,负值取绝对值
2025-06-21,W03,热处理车间,E01,电力,26147.032,kWh,0.67945,17832.55,97.232,吨,21.87,正常,MES,2025-06,单价插补
2024-05-15,W07,动力站,E06,柴油,175.715,kg,7.87965,1384.57,539.525,吨蒸汽,20.98,正常,MES,2024-05,消耗量插补
2025-06-30,W07,动力站,E04,工业水,971.572,m³,4.1055,3988.79,562.793,吨蒸汽,25.34,正常,MES,2025-06,费用重算
2024-11-26,W07,动力站,E04,工业水,914.949,m³,4.0964,3740.17,482.203,吨蒸汽,5.67,正常,MES,2024-11,单价插补
2025-04-13,W02,轧制车间,E04,工业水,180.9595,m³,4.0945,743.98,337.123,吨,16.94,正常,MES,2025-04,消耗量插补
2025-03-20,W02,轧制车间,E02,天然气,6860.068499999999,m³,3.4941,24416.61,356.158,吨,9.54,正常,MES,2025-03,消耗量插补
2025-09-19,W07,动力站,E06,柴油,182.246,kg,8.1301,1481.68,545.185,吨蒸汽,18.67,正常,MES,2025-09,消耗量插补
2025-06-02,W07,动力站,E02,天然气,12622.219,m³,3.4456,43630.58,519.602,吨蒸汽,26.43,正常,MES,2025-06,单价插补
2024-02-04,W06,装配车间,E01,电力,4352.527,kWh,0.6815,3080.19,48.792,台,1.63,低负荷,MES,2024-02,单价插补
2025-08-29,W01,熔炼车间,E05,压缩空气,3181.0855,m³,0.2876,910.13,296.508,吨,29.89,正常,MES,2025-08,消耗量插补
2024-07-22,W05,表面处理车间,E04,工业水,436.088,m³,4.1039,1733.74,7175.356,平方米,25.19,正常,MES,2024-07,单价插补
2025-06-02,W06,装配车间,E05,压缩空气,4288.518,m³,0.2741,1175.48,14.785,台,26.43,停产,MES,2025-06,消耗量插补
2024-04-30,W02,轧制车间,E01,电力,39599.034,kWh,0.6794,26593.81,304.03,吨,14.46,正常,MES,2024-04,单价插补
2024-10-09,W07,动力站,E04,工业水,895.71,m³,4.1787,3742.9,508.679,吨蒸汽,16.68,正常,MES,2024-10,消耗量插补
2025-06-14,W06,装配车间,E05,压缩空气,2897.415,m³,0.2788,807.8,176.902,台,26.18,低负荷,MES,2025-06,负值取绝对值
2025-09-01,W03,热处理车间,E03,蒸汽,26.634,t,217.8313,5801.72,91.103,吨,19.17,正常,MES,2025-09,消耗量插补
2025-09-12,W02,轧制车间,E03,蒸汽,40.531,t,215.8812,8749.88,352.393,吨,25.67,正常,MES,2025-09,费用重算
2024-06-18,W04,机加工车间,E04,新水,59.822,m³,4.0313,241.16,4128.406,件,21.28,正常,MES,2024-06,消耗量插补
2025-06-15,W05,表面处理车间,E04,工业水,152.879,m³,4.0966,626.28,1481.419,平方米,24.21,低负荷,MES,2025-06,费用重算
2025-02-27,W02,轧制车间,E02,天然气,8298.565,m³,3.4493,28796.76,298.471,吨,-3.56,正常,MES,2025-02,单价插补
2024-10-10,W02,轧制车间,E02,天然气,6271.984,m³,3.4455,22408.95,318.61,吨,17.02,正常,MES,2024-10,单价插补
2025-02-18,W07,动力站,E06,柴油,179.2465,kg,7.9212,1463.91,566.276,吨蒸汽,1.59,正常,MES,2025-02,消耗量插补
2025-02-26,W04,机加工,E04,工业水,62.857,m³,4.124,259.22,4311.79,件,-2.87,正常,MES,2025-02,费用重算
2025-11-10,W05,表面处理车间,E04,工业水,398.63,m³,4.1046,1652.73,7274.725,平方米,-1.25,正常,MES,2025-11,单价插补
2025-03-14,W07,动力站,E06,柴油,184.321,kg,7.834099999999999,1458.37,585.333,吨蒸汽,11.48,正常,MES,2025-03,单价插补
2024-11-21,W08,包装车间,E05,压缩空气,1381.995,m³,0.2795,386.27,9319.75,件,6.29,正常,MES,2024-11,消耗量插补
2024-06-11,W06,装配车间,E05,压缩空气,4008.128,m³,0.2803,1143.46,242.703,台,23.31,正常,MES,2024-06,消耗量插补
2024-02-08,W05,表面处理车间,E01,电力,21043.4885,kWh,0.674,14183.31,7335.19,平方米,-4.7,正常,MES,2024-02,消耗量插补
2025-08-06,W04,机加车间,E04,工业水,62.486,m³,4.0895,255.54,5122.093,件,31.25,正常,MES,2025-08,负值取绝对值
2025-12-19,W04,机加工车间,E01,电力,21289.58,kWh,0.679,14423.71,4937.408,件,-0.09,正常,MES,2025-12,单价插补
2025-04-21,W06,装配车间,E01,电力,11351.596,kWh,0.6806,7601.83,271.085,台,18.26,正常,MES,2025-04,单价插补
2024-02-06,W08,包装车间,E05,压缩空气,1259.6844999999998,m³,0.2809,353.85,9852.29,件,-2.27,正常,MES,2024-02,消耗量插补
2024-10-11,W03,热处理车间,E03,蒸汽,28.565,t,226.6545,6474.5,99.718,吨,15.24,正常,MES,2024-10,负值取绝对值
2024-10-12,W01,熔炼车间,E01,电力,39566.671,kWh,0.6572,26003.22,277.378,吨,10.57,正常,MES,2024-10,消耗量插补
2024-04-25,W04,机加工车间,E01,电力,17830.259,kWh,0.6794,12161.0,3792.469,件,17.71,正常,MES,2024-04,单价插补
2025-10-20,W01,熔炼车间,E02,天然气,8938.795,m³,3.4354,30708.34,283.261,吨,16.29,正常,MES,2025-10,消耗量插补
2025-06-19,W05,表面处理车间,E01,电力,27227.613,kWh,0.6831,18599.18,6923.066,平方米,28.65,正常,MES,2025-06,费用重算
2024-03-11,W04,机加工车间,E05,压缩空气,5464.594,m³,0.281,1563.69,3995.795,件,4.06,正常,MES,2024-03,消耗量插补
2024-11-19,W03,热处理车间,E01,电力,27893.926,kWh,0.68035,19269.67,104.917,吨,3.4,正常,MES,2024-11,单价插补
2024-08-22,W07,动力站,E04,工业水,823.731,m³,4.0848,3364.81,567.607,吨蒸汽,27.18,正常,MES,2024-08,负值取绝对值
2025-12-11,W04,机加工车间,E04,工业水,54.258,m³,4.1018,225.27,4531.134,件,-1.53,正常,MES,2025-12,单价插补
2025-12-25,W06,装配车间,E01,电力,14018.177,kWh,0.6808,9145.47,255.238,台,-6.85,正常,MES,2025-12,消耗量插补
2024-02-06,W02,轧制车间,E04,工业水,172.262,m³,3.9576,664.89,345.466,吨,-2.27,正常,MES,2024-02,消耗量插补
2025-06-17,W05,表面处理车间,E01,电力,25843.209,kWh,0.67945,17690.5,7609.388,平方米,24.64,正常,MES,2025-06,单价插补
2024-04-07,W01,熔炼车间,E02,天然气,8815.69,m³,3.4309,29504.8,251.433,吨,11.39,正常,MES,2024-04,消耗量插补
2024-12-15,W01,熔炼车间,E04,工业水,258.34900000000005,m³,4.0734,1030.41,266.53,吨,-3.68,正常,MES,2024-12,消耗量插补
2025-06-13,W07,动力站,E01,电力,9956.981,kWh,0.67945,6784.82,514.984,吨蒸汽,25.45,正常,MES,2025-06,单价插补
2025-05-18,W01,熔炼车间,E01,电力,39801.22,kWh,0.6833,26473.95,264.787,吨,21.35,正常,MES,2025-05,消耗量插补
2025-03-22,W01,熔炼车间,E04,工业水,249.084,m³,4.1073,1008.92,270.672,吨,6.15,正常,MES,2025-03,单价插补
2024-01-19,W07,动力站,E06,柴油,177.08,kg,7.8675,1393.18,574.052,吨蒸汽,0.35,正常,MES,2024-01,消耗量插补
2024-03-10,W07,动力站,E01,电力,7668.278,kWh,0.6811,5169.72,503.947,吨蒸汽,7.38,正常,MES,2024-03,单价插补
2024-07-05,W08,包装车间,E05,压缩空气,1391.081,m³,0.2782,387.0,10190.046,件,28.72,正常,MES,2024-07,费用重算
2025-01-26,W04,机加工车间,E04,工业水,20.772,m³,4.1043,83.66,978.746,件,-3.78,低负荷,MES,2025-01,单价插补
2024-11-24,W03,热处理车间,E02,天然气,10104.342499999999,m³,3.4059,34512.86,92.266,吨,6.13,正常,MES,2024-11,消耗量插补
2024-08-06,W02,轧制车间,E03,蒸汽,39.401,t,219.9231,8775.91,339.624,吨,27.53,正常,MES,2024-08,单价插补
2024-09-29,W06,装配车间,E01,电力,4027.146,kWh,0.6652,2678.86,51.496,台,23.96,低负荷,MES,2024-09,费用重算
2025-02-15,W02,轧制车间,E03,蒸汽,49.34,t,220.53629999999998,10851.42,342.822,吨,1.31,正常,MES,2025-02,单价插补
2025-01-08,W05,表面处理车间,E01,电力,25541.054,kWh,0.6791,17387.42,7014.237,平方米,-6.83,正常,MES,2025-01,单价插补
2024-03-18,W02,轧制车间,E04,工业水,191.541,m³,4.0993,773.85,339.172,吨,9.72,正常,MES,2024-03,单价插补
2024-12-11,W05,表面处理车间,E03,蒸汽,31.055,t,224.6995,6978.04,7528.869,平方米,-1.74,正常,MES,2024-12,消耗量插补
2024-04-14,W07,动力站,E02,天然气,14217.336,m³,3.4521,47887.59,491.308,吨蒸汽,17.46,正常,MES,2024-04,单价插补
2025-05-14,W04,机加工车间,E01,电力,17840.264,kWh,0.67965,12364.15,4772.796,件,19.25,正常,MES,2025-05,单价插补
2024-03-03,W02,轧制车间,E01,电力,31560.443,kWh,0.6811,21638.4,291.168,吨,8.11,正常,MES,2024-03,单价插补
2025-02-03,W01,熔炼车间,E04,工业水,229.146,m³,4.1091999999999995,961.35,253.425,吨,-4.65,正常,MES,2025-02,单价插补
2025-09-15,W06,装配车间,E01,电力,12446.9,kWh,0.68,8463.89,306.94,台,28.25,正常,MES,2025-09,消耗量插补
2024-11-03,W07,动力站,E06,柴油,181.961,kg,7.6837,1398.13,523.824,吨蒸汽,1.52,正常,MES,2024-11,消耗量插补
2025-09-16,W04,机加工车间,E01,电,19348.876,kWh,0.67965,13375.97,5240.114,件,19.99,正常,MES,2025-09,单价插补
2024-09-13,W01,熔炼车间,E01,电力,44908.323,kWh,0.6803,29983.33,270.099,吨,17.34,正常,MES,2024-09,单价插补
2025-12-10,W01,熔炼车间,E02,天然气,13491.193,m³,3.467,45308.43,251.746,吨,-6.21,正常,MES,2025-12,消耗量插补
2024-08-29,W07,动力站,E04,工业水,932.813,m³,4.122,3845.06,531.097,吨蒸汽,26.35,正常,MES,2024-08,费用重算
2025-01-01,W02,轧制,E01,电力,39032.204,kWh,0.6811,26584.83,310.518,吨,-2.34,正常,MES,2025-01,费用重算
2025-08-08,W01,熔炼车间,E04,工业水,270.144,m³,4.1012,1103.43,306.026,吨,26.96,正常,MES,2025-08,单价插补
2024-09-13,W02,轧制车间,E04,工业水,189.174,m³,4.1593,786.83,338.856,吨,17.34,正常,MES,2024-09,费用重算
2025-08-10,W04,机加工车间,E05,压缩风,2088.039,m³,0.2804,593.69,885.595,件,28.53,低负荷,MES,2025-08,单价插补
2025-06-12,W06,装配车间,E05,压缩空气,4444.913,m³,0.2773,1232.4,281.585,台,26.01,正常,MES,2025-06,负值取绝对值
2025-08-30,W01,熔炼车间,E05,压缩空气,2904.791,m³,0.2804,803.18,267.068,吨,26.36,正常,MES,2025-08,单价插补
2024-01-30,W02,轧制车间,E01,电力,39048.321,kWh,0.7049,27526.0,301.005,吨,-5.45,正常,MES,2024-01,负值取绝对值
2024-08-30,W04,机加工车间,E04,工业水,58.332,m³,4.1287,239.49,4137.408,件,26.45,正常,MES,2024-08,消耗量插补
2024-05-26,W04,机加工车间,E01,电力,6221.216,kWh,0.68015,4156.91,858.36,件,22.7,低负荷,MES,2024-05,单价插补
2024-04-18,W02,轧制车间,E01,电力,32932.292,kWh,0.6794,22379.38,325.497,吨,9.2,正常,MES,2024-04,单价插补
2024-09-18,W02,轧制车间,E01,电力,40893.102,kWh,0.6803,28302.49,333.271,吨,19.56,正常,MES,2024-09,单价插补
2025-05-17,W02,轧制车间,E01,电力,31983.635,kWh,0.67965,22120.68,330.778,吨,19.14,正常,MES,2025-05,单价插补
2024-07-17,W06,装配车间,E05,压缩空气,4525.159,m³,0.2795,1266.77,286.387,台,30.58,正常,MES,2024-07,单价插补
2025-05-05,W07,动力站,E02,天然气,13760.668,m³,3.4982,48137.57,465.647,吨蒸汽,17.23,正常,MES,2025-05,消耗量插补
2025-09-15,W03,热处理车间,E02,天然气,8001.896,m³,3.4454,27831.98,104.249,吨,28.25,正常,MES,2025-09,单价插补
2025-07-01,W04,机加工车间,E01,电力,25068.842,kWh,0.6636,16635.68,4596.352,件,31.09,正常,MES,2025-07,费用重算
2025-07-02,W05,表面处理车间,E02,天然气,622.787,m³,3.4437,2177.58,7250.835,平方米,24.6,正常,MES,2025-07,单价插补
2024-01-13,W01,熔炼车间,E02,天燃气,12146.227,m³,3.5361,42950.27,268.866,吨,-6.81,正常,MES,2024-01,费用重算
2024-12-29,W06,装配车间,E05,压缩空气,4200.782999999999,m³,0.2805,1178.32,50.665,台,0.05,低负荷,MES,2024-12,消耗量插补
2025-02-14,W01,熔炼,E04,自来水,265.908,m³,4.1344,1063.65,264.069,吨,-2.48,正常,MES,2025-02,消耗量插补
2025-11-28,W07,动力站,E01,电力,8955.584,kWh,0.6862,6145.32,617.88,吨蒸汽,5.32,正常,MES,2025-11,消耗量插补
2024-03-29,W07,动力车间,E06,柴油,181.378,kg,7.9447,1430.43,518.622,吨蒸汽,6.41,正常,MES,2024-03,消耗量插补
2024-10-21,W05,表面处理车间,E04,工业水,399.708,m³,4.1099,1625.63,7074.93,平方米,11.69,正常,MES,2024-10,单价插补
2025-09-07,W05,表面处理车间,E04,工业水,168.623,m³,4.1993,708.1,1503.177,平方米,21.69,低负荷,MES,2025-09,负值取绝对值
2025-09-09,W03,热处理车间,E02,天然气,8406.806,m³,3.4981,29407.85,93.901,吨,24.21,正常,MES,2025-09,费用重算
2024-10-22,W06,装配车间,E01,电力,12452.649,kWh,0.6792,8457.84,261.831,台,14.38,正常,MES,2024-10,费用重算
2025-09-23,W04,机加工车间,E01,电力,19442.645,kWh,0.6753,13129.62,4668.696,件,21.81,正常,MES,2025-09,消耗量插补
2024-03-25,W03,热处理车间,E03,蒸气,29.556,t,219.3084,6702.43,97.285,吨,12.7,正常,MES,2024-03,单价插补
2024-07-18,W08,包装车间,E01,电力,6431.471,kWh,0.6809,4463.81,9298.543,件,26.39,正常,MES,2024-07,单价插补
2024-05-03,W07,动力站,E04,工业水,887.686,m³,4.128,3788.29,505.472,吨蒸汽,17.93,正常,MES,2024-05,消耗量插补
2024-04-14,W04,机加工车间,E01,电力,16712.703,kWh,0.6877,11493.33,848.845,件,17.46,低负荷,MES,2024-04,消耗量插补
2024-08-16,W04,机加工车间,E01,电力,22025.171,kWh,0.6629,14600.49,3784.751,件,26.65,正常,MES,2024-08,费用重算
2025-09-24,W06,装配车间,E01,电力,12446.9,kWh,0.6764,8419.08,292.901,台,22.16,正常,MES,2025-09,消耗量插补
2025-06-21,W02,轧制车间,E04,工业水,182.808,m³,4.0518,743.74,336.414,吨,21.87,正常,MES,2025-06,消耗量插补
2025-01-10,W04,机加工车间,E01,电力度,19576.123,kWh,0.6892,13492.36,4310.333,件,-5.16,正常,MES,2025-01,负值取绝对值
2025-11-05,W07,动力站,E01,电力,8955.584,kWh,0.6672,5975.17,542.766,吨蒸汽,7.06,正常,MES,2025-11,消耗量插补
2024-05-28,W07,动力站,E06,柴油,175.715,kg,7.9148,1390.75,588.508,吨蒸汽,23.4,正常,MES,2024-05,消耗量插补
2025-04-07,W07,动力站,E02,天然气,14477.8,m³,3.45085,49860.49,534.98,吨蒸汽,14.98,正常,MES,2025-04,单价插补
2025-05-05,W02,轧制车间,E02,天然气,4788.978,m³,3.4625,16582.03,292.449,吨,17.23,正常,MES,2025-05,负值取绝对值
2025-11-10,W01,熔炼车间,E01,电,43284.606,kWh,0.6727,29117.55,278.485,吨,-1.25,正常,MES,2025-11,消耗量插补
2024-01-31,W02,轧制车间,E02,天然气,8499.865,m³,3.45115,29224.55,328.592,吨,-0.1,正常,MES,2024-01,单价插补
2024-01-23,W05,表面处理车间,E04,工业水,410.8125,m³,4.1916,1663.97,6743.969,平方米,-3.47,正常,MES,2024-01,消耗量插补
2025-05-05,W05,表面处理车间,E04,工业水,115.558,m³,4.1097,471.57,386.484,平方米,17.23,停产,MES,2025-05,单价插补
2025-08-06,W02,轧制车间,E02,天然气,4786.149,m³,3.5852,18014.97,357.136,吨,31.25,正常,MES,2025-08,消耗量插补
2025-05-01,W06,装配车间,E01,电力,2278.549,kWh,0.67965,1542.3,17.377,台,21.33,停产,MES,2025-05,单价插补
2024-10-29,W07,动力站,E02,天然气,15479.021499999999,m³,3.4583,53531.1,566.526,吨蒸汽,14.94,正常,MES,2024-10,消耗量插补
2024-03-02,W08,包装车间,E05,压缩空气,1350.731,m³,0.2801,378.34,6661.924,件,6.7,低负荷,MES,2024-03,消耗量插补
2025-07-21,W03,热处理车间,E02,天然气,6662.697,m³,3.3947,23296.55,99.074,吨,29.24,正常,MES,2025-07,消耗量插补
2025-06-27,W03,热处理车间,E02,天然气,6968.997,m³,3.4456,23943.89,97.763,吨,25.29,正常,MES,2025-06,单价插补
2024-02-09,W05,表面处理车间,E03,蒸汽,29.176000000000002,t,219.5837,6406.57,6429.305,平方米,-7.92,正常,MES,2024-02,消耗量插补
2025-05-27,W07,动力站,E06,柴油,183.82049999999998,kg,7.8514,1513.6,598.746,吨蒸汽,19.45,正常,MES,2025-05,消耗量插补
2024-08-10,W06,装配车间,E01,电力,13759.163,kWh,0.6811,9371.37,156.111,台,27.87,低负荷,MES,2024-08,消耗量插补
2024-10-01,W08,包装车间,E05,压缩空气,251.818,m³,0.2841,71.55,651.262,件,15.24,停产,MES,2024-10,负值取绝对值
2024-06-28,W03,热处理车间,E02,天然气,6574.08,m³,3.4312,22892.38,87.655,吨,25.86,正常,MES,2024-06,消耗量插补
2025-08-20,W05,表面处理车间,E02,天然气,693.759,m³,3.4488000000000003,2408.9,7573.388,平方米,26.31,正常,MES,2025-08,单价插补
2025-12-13,W06,装配车间,E01,电力,14018.177,kWh,0.714,10008.98,185.567,台,-4.38,低负荷,MES,2025-12,消耗量插补
2025-01-30,W03,热处理,E01,电力,26108.649,kWh,0.6872,17942.81,90.924,吨,-2.61,正常,MES,2025-01,负值取绝对值
2024-01-17,W02,轧制车间,E04,工业水,179.6215,m³,4.0762,732.17,324.66,吨,-4.89,正常,MES,2024-01,消耗量插补
2025-08-12,W03,热处理车间,E02,天然气,6671.9765,m³,3.4333,23939.18,96.11,吨,25.67,正常,MES,2025-08,消耗量插补
2025-06-29,W02,轧制车间,E03,蒸汽,34.89,t,220.6877,7699.81,333.482,吨,27.59,正常,MES,2025-06,负值取绝对值
2025-11-19,W08,包装车间,E05,压缩空气,1483.588,m³,0.2801,414.92,11286.42,件,4.88,正常,MES,2025-11,单价插补
2025-04-28,W03,热处理车间,E01,电力,23913.4625,kWh,0.6832,16597.68,100.058,吨,13.77,正常,MES,2025-04,消耗量插补
2025-11-25,W03,热处理车间,E03,蒸汽,33.436,t,222.7892,7085.64,102.881,吨,2.72,正常,MES,2025-11,消耗量插补
2025-12-11,W02,轧制车间,E01,电力,43597.365,kWh,0.6696,28244.52,314.17,吨,-1.53,正常,MES,2025-12,消耗量插补
2025-02-16,W04,机加工车间,E01,电力,19770.523,kWh,0.6868,13578.4,930.757,件,3.62,低负荷,MES,2025-02,消耗量插补
2025-11-29,W03,热处理车间,E01,电力,24385.285,kWh,0.6802,16562.45,106.362,吨,8.16,正常,MES,2025-11,单价插补
2024-05-17,W04,机加工车间,E04,工业水,59.0445,m³,4.0584,234.57,4241.68,件,21.07,正常,MES,2024-05,消耗量插补
2025-08-02,W05,表面处理车间,E01,电力,25183.665,kWh,0.6818,17170.22,4501.149,平方米,25.78,低负荷,MES,2025-08,消耗量插补
2025-05-20,W02,轧制车间,E04,工业水,190.227,m³,4.1097,785.26,,吨,24.27,正常,MES,2025-05,单价插补
2024-08-16,W07,动力站,E04,工业水,905.3625,m³,4.1451,3931.11,516.848,吨蒸汽,26.65,正常,MES,2024-08,消耗量插补
2024-05-25,W01,熔炼车间,E04,工业水,262.808,m³,4.0995,1066.39,271.781,吨,20.67,正常,MES,2024-05,单价插补
2025-12-02,W05,表面处理车间,E01,电力,23582.17,kWh,0.679,15998.75,8010.805,平方米,-0.43,正常,MES,2025-12,单价插补
2025-10-03,W08,包装车间,E01,电力,921.126,kWh,0.6795,603.48,639.831,件,16.14,停产,MES,2025-10,单价插补
2025-03-18,W05,表面处理车间,E03,蒸汽,30.518,t,220.2172,6520.61,6970.784,平方米,9.96,正常,MES,2025-03,单价插补
2024-01-25,W01,熔炼车间,E04,工业水,252.891,m³,4.0915,1061.97,261.899,吨,-2.04,正常,MES,2024-01,单价插补
2024-06-25,W04,机加工车间,E01,电力,21073.743,kWh,0.6788,14490.47,4272.698,件,24.07,正常,MES,2024-06,单价插补
2025-08-17,W04,机加工车间,E04,工业水,59.578,m³,4.1287,245.98,861.478,件,25.08,低负荷,MES,2025-08,消耗量插补
2024-11-15,W03,热处理车间,E02,天然气,10104.342499999999,m³,3.4763,36096.19,99.738,吨,9.68,正常,MES,2024-11,消耗量插补
2025-12-02,W05,表面处理车间,E03,蒸汽,31.279,t,217.3467,6798.39,8010.805,平方米,-0.43,正常,MES,2025-12,消耗量插补
2025-01-29,W06,装配车间,E05,压缩空气,859.554,m³,0.2807,243.98,15.422,台,-4.2,停产,MES,2025-01,单价插补
2025-11-27,W04,机加工车间,E04,工业水,62.304,m³,4.1046,256.57,4311.767,件,3.3,正常,MES,2025-11,单价插补
2024-06-03,W07,动力站,E04,工业水,1017.168,m³,4.1034,4136.01,583.649,吨蒸汽,27.88,正常,MES,2024-06,单价插补
2025-10-08,W04,机加工车间,E05,压缩空气,5498.460999999999,m³,0.2829,1555.51,270.002,件,16.25,停产,MES,2025-10,消耗量插补
2025-07-12,W07,动力站,E01,电力,9729.47,kWh,0.67975,6627.75,538.173,吨蒸汽,28.07,正常,MES,2025-07,单价插补
2024-03-21,W01,熔炼车间,E01,电力,37968.97,kWh,0.6811,25421.25,273.152,吨,7.19,正常,MES,2024-03,单价插补
2024-03-28,W02,轧制车间,E01,电力,36459.476,kWh,0.6782,25753.33,282.375,吨,8.57,正常,MES,2024-03,消耗量插补
2025-03-31,W01,熔炼车间,E04,工业水,265.2845,m³,4.1467,1134.28,258.611,吨,10.82,正常,MES,2025-03,消耗量插补
2025-07-28,W07,动力站,E04,工业水,932.565,m³,4.1103,3833.12,569.914,吨蒸汽,27.98,正常,MES,2025-07,费用重算
2025-05-27,W03,热处理车间,E01,电力,26099.689,kWh,0.67965,17860.18,95.654,吨,19.45,正常,MES,2025-05,单价插补
2024-09-02,W07,动力站,E06,柴油,182.359,kg,7.8528,1432.02,546.724,吨蒸汽,15.86,正常,MES,2024-09,负值取绝对值
2024-04-03,W05,表面处理车间,E03,蒸汽,25.005,t,218.5328,5464.41,7022.985,平方米,11.87,正常,MES,2024-04,费用重算
2025-04-20,W03,热处理车间,E01,电力,22753.408,kWh,0.6806,15264.89,95.084,吨,9.45,正常,MES,2025-04,单价插补
2025-07-03,W05,表面处理车间,E03,蒸汽,19.97,t,220.1216,4371.48,7392.358,平方米,26.83,正常,MES,2025-07,单价插补
2024-12-23,W08,包装车间,E01,电力,6224.654,kWh,0.6888,4287.34,11115.241,件,-1.98,正常,MES,2024-12,负值取绝对值
2025-07-11,W01,熔炼,E05,压缩空气,3488.575,m³,0.2806,976.35,295.798,吨,28.03,正常,MES,2025-07,单价插补
2024-03-26,W02,轧制车间,E02,天然气,7175.658,m³,3.453,24650.81,350.658,吨,6.35,正常,MES,2024-03,单价插补
2024-05-27,W06,装配车间,E01,电力,11700.192,kWh,0.68015,8148.21,269.737,台,20.15,正常,MES,2024-05,单价插补
2024-07-19,W01,熔炼车间,E01,电力,51470.944,kWh,0.6809,34792.78,276.982,吨,29.56,正常,MES,2024-07,单价插补
2025-08-08,W03,热处理车间,E03,蒸汽,24.094,t,219.9472,5299.41,108.356,吨,26.96,正常,MES,2025-08,费用重算
2024-11-05,W06,装配车间,E05,压缩空气,4133.1404999999995,m³,0.2876,1219.88,281.412,台,9.4,正常,MES,2024-11,消耗量插补
2024-01-19,W01,熔炼车间,E05,压缩空气,3305.698,m³,0.2921,965.61,260.156,吨,0.35,正常,MES,2024-01,负值取绝对值
2025-07-07,W01,熔炼车间,E05,压缩空气,3282.286,m³,0.2806,926.79,266.872,吨,28.27,正常,MES,2025-07,单价插补
2024-10-21,W05,表面处理车间,E02,天然气,795.412,m³,3.4619,2753.64,7074.93,平方米,11.69,正常,MES,2024-10,消耗量插补
2024-01-20,W06,装配车间,E05,压缩空气,4143.597,m³,0.2805,1162.28,177.093,台,-4.22,低负荷,MES,2024-01,消耗量插补
2025-04-27,W08,包装车间,E01,电力,1494.636,kWh,0.7057,1054.76,2134.678,件,18.9,低负荷,MES,2025-04,费用重算
2024-06-10,W04,机加工车间,E04,工业水,13.903,m³,4.1034,56.39,282.785,件,28.09,停产,MES,2024-06,单价插补
2025-02-08,W02,轧制车间,E01,电力,40173.514,kWh,0.6549,26310.61,317.944,吨,-4.03,正常,MES,2025-02,负值取绝对值
2025-02-10,W02,轧制车间,E03,蒸汽,49.15,t,220.53629999999998,10638.98,304.965,吨,-4.67,正常,MES,2025-02,单价插补
2024-05-26,W02,轧制车间,E01,电力,34981.685,kWh,0.7025,24574.63,344.658,吨,22.7,正常,MES,2024-05,费用重算
