asset_id,asset_type,is_submeter,all_phase_windows,usable_windows,quality_flagged_windows,negative_windows,first_observation_utc,last_observation_utc,observed_usable_kwh,mean_kw_usable
mh_a,Automation_Handling,True,34525,34522,0,0,2024-12-31 08:00:00,2025-12-31 23:45:00,13808.64,1.6
pr_e,Automation_Robot,True,4067,4066,0,0,2025-11-19 15:15:00,2025-12-31 23:45:00,793.73,0.78
pr_f,Automation_Robot,True,3968,3968,0,0,2025-11-20 16:00:00,2025-12-31 23:45:00,2080.77,2.1
pr_k,Automation_Robot,True,4164,4164,0,0,2025-11-18 15:00:00,2025-12-31 23:45:00,2363.63,2.27
comp_a,CompressedAir,True,21197,21160,0,0,2025-05-22 13:15:00,2025-12-31 23:45:00,68388.22,12.93
comp_b,CompressedAir,True,21164,21163,0,0,2025-05-22 13:15:00,2025-12-31 23:45:00,76378.72,14.44
sb_a,Electrical_Distribution,True,21164,21163,0,0,2025-05-22 13:15:00,2025-12-31 23:45:00,275457.5,52.06
sb_b,Electrical_Distribution,True,21095,21093,0,0,2025-05-23 06:30:00,2025-12-31 23:45:00,122653.8,23.26
sb_c,Electrical_Distribution,True,23336,14795,0,0,2025-04-30 07:00:00,2025-12-31 23:45:00,69.72,0.02
mi_a,Electrical_GridImport,False,21162,21161,0,0,2025-05-22 13:45:00,2025-12-31 23:45:00,1228613.71,232.24
mi_b,Electrical_PVGeneration,False,23337,23232,0,0,2025-04-30 07:00:00,2025-12-31 23:45:00,288.86,0.05
ahu_a,HVAC_AHU,True,34522,6627,27894,0,2024-12-31 08:30:00,2025-12-31 23:45:00,19015.19,11.48
ahu_b,HVAC_AHU,True,34529,2335,32194,0,2024-12-31 07:30:00,2025-12-31 23:45:00,848.45,1.45
ahu_c,HVAC_AHU,True,34511,27181,7327,0,2024-12-31 08:00:00,2025-12-31 23:45:00,1883.12,0.28
ex_a,HVAC_AirExtraction,True,21164,21163,0,0,2025-05-22 13:15:00,2025-12-31 23:45:00,14558.35,2.75
ex_b,HVAC_AirExtraction,True,33188,27133,6051,0,2024-12-31 07:45:00,2025-12-31 23:45:00,178239.18,26.28
hp_a,HVAC_HeatPump,True,23337,23335,0,0,2025-04-30 07:00:00,2025-12-31 23:45:00,68.84,0.01
hp_b,HVAC_HeatPump,True,23337,23335,0,0,2025-04-30 07:00:00,2025-12-31 23:45:00,12.16,0.0
p_c,Press_Drive,True,21302,21299,1,0,2025-05-21 11:45:00,2025-12-31 23:45:00,23024.56,4.32
p_d,Press_Drive,True,28642,25591,3049,0,2025-02-20 19:45:00,2025-12-31 23:45:00,48764.11,7.62
p_e,Press_Drive,True,31348,25806,5540,0,2025-02-05 20:15:00,2025-12-31 23:45:00,54117.02,8.39
p_j,Press_Drive,True,1312,1312,0,0,2025-12-18 08:00:00,2025-12-31 23:45:00,205.37,0.63
php_c,Press_Heating,True,13092,6000,7092,0,2025-08-17 00:00:00,2025-12-31 23:45:00,5182.5,3.45
php_j,Press_Heating,True,1312,1312,0,0,2025-12-18 08:00:00,2025-12-31 23:45:00,1.47,0.0
p_f,Press_IntegratedAutomationCell,True,33562,17658,6051,0,2024-12-31 07:45:00,2025-12-31 23:45:00,95103.56,21.54
p_a,Press_Main,True,29379,26414,2961,0,2025-02-21 00:00:00,2025-12-31 23:45:00,25184.34,3.81
p_b,Press_Main,True,33233,27335,5894,0,2024-12-31 07:30:00,2025-12-31 23:45:00,82829.95,12.12
p_g,Press_Main,True,26931,26929,0,0,2025-03-21 08:15:00,2025-12-31 23:45:00,43493.96,6.46
p_h,Press_Main,True,29390,26415,2972,0,2025-02-20 22:00:00,2025-12-31 23:45:00,18645.48,2.82
p_i,Press_Main,True,26956,26954,0,0,2025-03-21 08:15:00,2025-12-31 23:45:00,52309.22,7.76
p_k,Press_Main,True,33991,27938,6051,0,2024-12-31 07:45:00,2025-12-31 23:45:00,186931.99,26.76
p_l,Press_Main,True,26952,20617,6332,0,2025-03-21 09:30:00,2025-12-31 23:45:00,46454.95,9.01
p_m,Press_Main,True,26957,10777,16179,0,2025-03-21 08:15:00,2025-12-31 23:45:00,18004.69,6.68
p_n,Press_Main,True,1202,1201,0,0,2025-12-19 11:30:00,2025-12-31 23:45:00,21.4,0.07
mix_a,ProcessMixing,True,34524,34519,0,0,2024-12-31 08:00:00,2025-12-31 23:45:00,12030.12,1.39
mix_b,ProcessMixing,True,34523,6627,27895,0,2024-12-31 08:15:00,2025-12-31 23:45:00,2255.49,1.36
mix_c,ProcessMixing,True,34524,34520,0,0,2024-12-31 08:15:00,2025-12-31 23:45:00,13134.92,1.52
mix_d,ProcessMixing,True,34523,34520,0,0,2024-12-31 08:15:00,2025-12-31 23:45:00,2989.45,0.35
u_a,Utilities,True,21164,2071,19092,0,2025-05-22 13:15:00,2025-12-31 23:45:00,569.24,1.1
u_b,Utilities,True,21164,21163,0,0,2025-05-22 13:15:00,2025-12-31 23:45:00,19435.07,3.67
u_c,Utilities,True,21164,21163,0,0,2025-05-22 13:15:00,2025-12-31 23:45:00,17847.25,3.37
u_d,Utilities,True,34532,2331,32201,0,2024-12-31 08:30:00,2025-12-31 23:45:00,23.27,0.04
u_e,Utilities,True,34427,34422,0,0,2024-12-31 08:15:00,2025-12-31 23:45:00,46266.06,5.38
