workshop_code,energy_code,energy_name,consumption,cost_yuan,energy_tce,co2_t,workshop_name,energy_unit,reduction_rate_pct,scenario_saving_tce,scenario_cost_saving_yuan,scenario_co2_reduction_t
W01,E02,天然气,3518407.84,12144734.57,4679.4824272000005,7607.501431647999,熔炼车间,m³,3.0,140.384472816,364342.0371,228.22504294943997
W03,E02,天然气,3251711.031,11222632.36,4324.775671230001,7030.8495912282,热处理车间,m³,3.0,129.7432701369,336678.97079999995,210.92548773684598
W01,E01,电力,16247985.563,11045985.45,1996.8774256927,9266.226166578901,熔炼车间,kWh,3.0,59.906322770780996,331379.5635,277.986784997367
W02,E01,电力,14797464.925,10053649.95,1818.6084392824998,8438.9942467275,轧制车间,kWh,3.0,54.55825317847499,301609.4985,253.169827401825
W02,E02,天然气,2290006.651,7898265.4799999995,3045.70884583,4951.4523807922,轧制车间,m³,3.0,91.37126537489999,236947.96439999997,148.543571423766
W03,E01,电力,10073027.366,6840460.32,1237.9750632814,5744.6475068298005,热处理车间,kWh,3.0,37.139251898442,205213.8096,172.339425204894
W05,E01,电力,7213389.017,4914253.02,886.5255101893,4113.7957563951,表面处理车间,kWh,3.0,26.595765305679,147427.59059999997,123.413872691853
W04,E01,电力,6006827.459,4084506.51,738.2390947110999,3425.6936998677,机加工车间,kWh,3.0,22.147172841332996,122535.19529999999,102.770810996031
W02,E03,蒸汽,15959.386,3509435.21,1527.3132402,4149.44036,轧制车间,t,3.0,45.819397206000005,105283.0563,124.48321079999998
W06,E01,电力,3830730.792,2601709.68,470.79681433679997,2184.6657706776,装配车间,kWh,3.0,14.123904430103998,78051.2904,65.539973120328
W03,E03,蒸汽,10877.965,2392147.4,1041.0212505,2828.2709,热处理车间,t,3.0,31.230637514999998,71764.42199999999,84.84812699999999
W05,E03,蒸汽,7948.565,1749287.26,760.6776705,2066.6269,表面处理车间,t,3.0,22.820330114999997,52478.6178,61.998807000000006
W08,E01,电力,1723036.892,1171318.89,211.7612340268,982.6479395076001,包装车间,kWh,3.0,6.3528370208039995,35139.566699999996,29.479438185228002
W05,E02,天然气,280270.404,966148.23,372.75963732,606.0006675288,表面处理车间,m³,3.0,11.1827891196,28984.4469,18.180020025864
W05,E04,工业水,129883.597,532478.19,31.5487257113,44.679957368,表面处理车间,m³,3.0,0.946461771339,15974.345699999998,1.34039872104
W04,E05,压缩空气,1723720.716,482894.7,68.94882864,0.0,机加工车间,m³,3.0,2.0684648592,14486.841,0.0
W01,E04,工业水,96015.379,394037.38,23.3221355591,33.029290376,熔炼车间,m³,3.0,0.699664066773,11821.1214,0.9908787112799999
W06,E05,压缩空气,1280820.814,358626.02,51.23283256,0.0,装配车间,m³,3.0,1.5369849768,10758.7806,0.0
W01,E05,压缩空气,1174737.325,329015.59,46.989493,0.0,熔炼车间,m³,3.0,1.40968479,9870.467700000001,0.0
W02,E04,工业水,66540.243,272976.53,16.1626250247,22.889843592,轧制车间,m³,3.0,0.48487875074099995,8189.295900000001,0.6866953077599999
W08,E05,压缩空气,421272.208,118223.94,16.85088832,0.0,包装车间,m³,3.0,0.5055266495999999,3546.7182,0.0
W04,E04,工业水,18431.266,75670.78,4.4769545114,6.340355504,机加工车间,m³,3.0,0.134308635342,2270.1234,0.19021066511999998
W01,E02,天然气,3518407.84,12144734.57,4679.4824272000005,7607.501431647999,熔炼车间,m³,5.0,233.97412136000003,607236.7285000001,380.3750715824
W03,E02,天然气,3251711.031,11222632.36,4324.775671230001,7030.8495912282,热处理车间,m³,5.0,216.23878356150004,561131.618,351.54247956141
W01,E01,电力,16247985.563,11045985.45,1996.8774256927,9266.226166578901,熔炼车间,kWh,5.0,99.843871284635,552299.2725,463.3113083289451
W02,E01,电力,14797464.925,10053649.95,1818.6084392824998,8438.9942467275,轧制车间,kWh,5.0,90.930421964125,502682.4975,421.949712336375
W02,E02,天然气,2290006.651,7898265.4799999995,3045.70884583,4951.4523807922,轧制车间,m³,5.0,152.2854422915,394913.274,247.57261903961
W03,E01,电力,10073027.366,6840460.32,1237.9750632814,5744.6475068298005,热处理车间,kWh,5.0,61.89875316407,342023.01600000006,287.23237534149
W05,E01,电力,7213389.017,4914253.02,886.5255101893,4113.7957563951,表面处理车间,kWh,5.0,44.326275509465006,245712.65099999998,205.68978781975503
W04,E01,电力,6006827.459,4084506.51,738.2390947110999,3425.6936998677,机加工车间,kWh,5.0,36.911954735555,204225.3255,171.284684993385
W02,E03,蒸汽,15959.386,3509435.21,1527.3132402,4149.44036,轧制车间,t,5.0,76.36566201000001,175471.7605,207.472018
W06,E01,电力,3830730.792,2601709.68,470.79681433679997,2184.6657706776,装配车间,kWh,5.0,23.53984071684,130085.48400000001,109.23328853388
W03,E03,蒸汽,10877.965,2392147.4,1041.0212505,2828.2709,热处理车间,t,5.0,52.051062525,119607.37,141.413545
W05,E03,蒸汽,7948.565,1749287.26,760.6776705,2066.6269,表面处理车间,t,5.0,38.033883525,87464.36300000001,103.33134500000001
W08,E01,电力,1723036.892,1171318.89,211.7612340268,982.6479395076001,包装车间,kWh,5.0,10.588061701340001,58565.9445,49.132396975380004
W05,E02,天然气,280270.404,966148.23,372.75963732,606.0006675288,表面处理车间,m³,5.0,18.637981866,48307.4115,30.300033376440002
W05,E04,工业水,129883.597,532478.19,31.5487257113,44.679957368,表面处理车间,m³,5.0,1.5774362855650002,26623.909499999998,2.2339978684
W04,E05,压缩空气,1723720.716,482894.7,68.94882864,0.0,机加工车间,m³,5.0,3.447441432,24144.735,0.0
W01,E04,工业水,96015.379,394037.38,23.3221355591,33.029290376,熔炼车间,m³,5.0,1.166106777955,19701.869000000002,1.6514645188000001
W06,E05,压缩空气,1280820.814,358626.02,51.23283256,0.0,装配车间,m³,5.0,2.5616416280000003,17931.301000000003,0.0
W01,E05,压缩空气,1174737.325,329015.59,46.989493,0.0,熔炼车间,m³,5.0,2.3494746500000003,16450.7795,0.0
W02,E04,工业水,66540.243,272976.53,16.1626250247,22.889843592,轧制车间,m³,5.0,0.808131251235,13648.826500000003,1.1444921796
W08,E05,压缩空气,421272.208,118223.94,16.85088832,0.0,包装车间,m³,5.0,0.842544416,5911.197,0.0
W04,E04,工业水,18431.266,75670.78,4.4769545114,6.340355504,机加工车间,m³,5.0,0.22384772557,3783.539,0.3170177752
W01,E02,天然气,3518407.84,12144734.57,4679.4824272000005,7607.501431647999,熔炼车间,m³,10.0,467.94824272000005,1214473.4570000002,760.7501431648
W03,E02,天然气,3251711.031,11222632.36,4324.775671230001,7030.8495912282,热处理车间,m³,10.0,432.4775671230001,1122263.236,703.08495912282
W01,E01,电力,16247985.563,11045985.45,1996.8774256927,9266.226166578901,熔炼车间,kWh,10.0,199.68774256927,1104598.545,926.6226166578901
W02,E01,电力,14797464.925,10053649.95,1818.6084392824998,8438.9942467275,轧制车间,kWh,10.0,181.86084392825,1005364.995,843.89942467275
W02,E02,天然气,2290006.651,7898265.4799999995,3045.70884583,4951.4523807922,轧制车间,m³,10.0,304.570884583,789826.548,495.14523807922
W03,E01,电力,10073027.366,6840460.32,1237.9750632814,5744.6475068298005,热处理车间,kWh,10.0,123.79750632814,684046.0320000001,574.46475068298
W05,E01,电力,7213389.017,4914253.02,886.5255101893,4113.7957563951,表面处理车间,kWh,10.0,88.65255101893001,491425.30199999997,411.37957563951005
W04,E01,电力,6006827.459,4084506.51,738.2390947110999,3425.6936998677,机加工车间,kWh,10.0,73.82390947111,408450.651,342.56936998677
W02,E03,蒸汽,15959.386,3509435.21,1527.3132402,4149.44036,轧制车间,t,10.0,152.73132402000002,350943.521,414.944036
W06,E01,电力,3830730.792,2601709.68,470.79681433679997,2184.6657706776,装配车间,kWh,10.0,47.07968143368,260170.96800000002,218.46657706776
W03,E03,蒸汽,10877.965,2392147.4,1041.0212505,2828.2709,热处理车间,t,10.0,104.10212505,239214.74,282.82709
W05,E03,蒸汽,7948.565,1749287.26,760.6776705,2066.6269,表面处理车间,t,10.0,76.06776705,174928.72600000002,206.66269000000003
W08,E01,电力,1723036.892,1171318.89,211.7612340268,982.6479395076001,包装车间,kWh,10.0,21.176123402680002,117131.889,98.26479395076001
W05,E02,天然气,280270.404,966148.23,372.75963732,606.0006675288,表面处理车间,m³,10.0,37.275963732,96614.823,60.600066752880004
W05,E04,工业水,129883.597,532478.19,31.5487257113,44.679957368,表面处理车间,m³,10.0,3.1548725711300003,53247.818999999996,4.4679957368
W04,E05,压缩空气,1723720.716,482894.7,68.94882864,0.0,机加工车间,m³,10.0,6.894882864,48289.47,0.0
W01,E04,工业水,96015.379,394037.38,23.3221355591,33.029290376,熔炼车间,m³,10.0,2.33221355591,39403.738000000005,3.3029290376000002
W06,E05,压缩空气,1280820.814,358626.02,51.23283256,0.0,装配车间,m³,10.0,5.123283256000001,35862.602000000006,0.0
W01,E05,压缩空气,1174737.325,329015.59,46.989493,0.0,熔炼车间,m³,10.0,4.698949300000001,32901.559,0.0
W02,E04,工业水,66540.243,272976.53,16.1626250247,22.889843592,轧制车间,m³,10.0,1.61626250247,27297.653000000006,2.2889843592
W08,E05,压缩空气,421272.208,118223.94,16.85088832,0.0,包装车间,m³,10.0,1.685088832,11822.394,0.0
W04,E04,工业水,18431.266,75670.78,4.4769545114,6.340355504,机加工车间,m³,10.0,0.44769545114,7567.078,0.6340355504
