year,workshop_code,workshop_name,energy_tce,cost_yuan,co2_t,output_qty,output_unit,observed_days,intensity_kgce_per_unit
2024,W01,熔炼车间,6652.3362544021,23604296.07,16690.5703098128,95098.341,吨,366,69.95217986402203
2024,W02,轧制车间,6316.8705770003,21396737.66,17288.4863297122,117930.081,吨,366,53.5645403058809
2024,W03,热处理车间,6512.7953515121,20193795.87,15404.8086132639,34963.368,吨,366,186.27482774291366
2024,W04,机加工车间,794.2919040839,4542528.22,3358.526962014,1213653.223,件,366,0.6544636384028291
2024,W05,表面处理车间,2014.8684626742,8022821.96,6715.4133107258,1975255.645,平方米,366,1.0200545270048829
2024,W06,装配车间,513.7313003706,2920294.42,2150.0020937742,75524.862,台,366,6.8021481505070485
2024,W08,包装车间,223.5714706018,1262066.09,960.7219290726,2847345.077,件,366,0.07851927481770415
2025,W01,熔炼车间,6746.6714814518,23913772.99,16906.7568886029,100246.437,吨,365,67.30086059269917
2025,W02,轧制车间,6407.7931503372,21734327.17,17562.7768311117,122524.327,吨,365,52.29812974477468
2025,W03,热处理车间,6603.7719850114,20455240.08,15603.767998058,36653.601,吨,365,180.167072397918
2025,W04,机加工车间,811.6648778625,4643071.99,3432.0340553717,1274136.101,件,365,0.6370315362899367
2025,W05,表面处理车间,2051.5115437206,8162166.7,6831.1032812919,2063118.424,平方米,365,0.994374108560915
2025,W06,装配车间,522.0296468967999,2960335.7,2184.6657706776,79159.204,台,365,6.594680346922133
2025,W08,包装车间,228.6121223468,1289542.83,982.6479395076001,2988993.574,件,365,0.07648464832290068
