episode_id,start,end,interval_count,load_type,day_type,measured_energy_kwh,peer_p95_energy_kwh,excess_over_peer_p95_kwh,min_peer_sample_count,mean_lagging_pf_pct,measured_reactive_kvarh
31,2018-11-28 01:30,2018-11-28 08:00,27,Light_Load,Weekday,626.99,174.77349999999979,452.2165000000002,218,83.3725925925926,414.69
17,2018-11-17 08:45,2018-11-17 11:00,10,Light_Load,Weekend,1094.5,901.6259999999997,192.87400000000022,47,92.314,451.94
29,2018-11-27 10:15,2018-11-27 11:45,7,Maximum_Load,Weekday,941.01,831.1779999999999,109.83200000000005,207,91.24714285714286,421.70000000000005
22,2018-11-22 09:15,2018-11-22 10:15,5,Medium_Load,Weekday,693.58,596.0709999999999,97.50900000000004,207,91.854,299.69
9,2018-11-13 12:15,2018-11-13 13:00,4,Medium_Load,Weekday,131.98,61.56199999999996,70.41800000000003,207,99.23750000000001,14.83
41,2018-12-12 12:15,2018-12-12 13:00,4,Medium_Load,Weekday,116.57,61.56199999999996,55.00800000000004,207,100.0,0.07
42,2018-12-13 12:45,2018-12-13 13:00,2,Medium_Load,Weekday,66.5,22.32799999999999,44.17200000000001,207,99.25999999999999,8.129999999999999
18,2018-11-17 11:30,2018-11-17 12:00,3,Maximum_Load,Weekend,300.53,263.22199999999987,37.30800000000015,47,91.98333333333333,128.23
23,2018-11-22 11:00,2018-11-22 11:15,2,Maximum_Load,Weekday,267.73,235.73299999999995,31.99700000000003,207,90.995,121.82
60,2018-12-29 11:00,2018-12-29 11:30,3,Light_Load,Weekend,41.72,15.002,26.718,39,99.99666666666667,0.07
52,2018-12-19 14:15,2018-12-19 14:15,1,Medium_Load,Weekday,149.18,129.51000000000002,19.669999999999987,39,89.45,74.56
51,2018-12-19 11:15,2018-12-19 11:15,1,Maximum_Load,Weekday,140.8,121.60699999999997,19.19300000000004,207,89.6,69.77
5,2018-11-05 21:45,2018-11-05 21:45,1,Medium_Load,Weekday,74.88,57.43299999999999,17.447000000000003,207,93.9,27.43
15,2018-11-16 20:15,2018-11-16 20:15,1,Medium_Load,Weekday,122.8,107.41399999999999,15.38600000000001,207,91.49,54.18
38,2018-12-05 13:00,2018-12-05 13:00,1,Medium_Load,Weekday,26.68,11.530999999999997,15.149000000000003,207,99.08,3.64
53,2018-12-19 15:00,2018-12-19 15:00,1,Medium_Load,Weekday,145.22,130.525,14.694999999999993,39,89.92,70.67
16,2018-11-16 20:45,2018-11-16 20:45,1,Medium_Load,Weekday,119.34,105.82499999999999,13.515000000000015,207,91.25,53.5
32,2018-11-29 09:45,2018-11-29 09:45,1,Medium_Load,Weekday,128.41,116.78699999999999,11.623000000000005,207,93.32,49.46
45,2018-12-14 09:45,2018-12-14 09:45,1,Medium_Load,Weekday,128.34,116.78699999999999,11.553000000000011,207,91.35,57.17
28,2018-11-27 09:45,2018-11-27 09:45,1,Medium_Load,Weekday,126.43,116.78699999999999,9.643000000000015,207,91.21,56.84
48,2018-12-14 12:00,2018-12-14 12:00,1,Maximum_Load,Weekday,132.01,122.748,9.261999999999986,207,90.44,62.28
10,2018-11-14 08:45,2018-11-14 08:45,1,Light_Load,Weekday,123.77,116.43149999999999,7.3385000000000105,218,84.1,79.63
30,2018-11-27 13:45,2018-11-27 14:00,2,Medium_Load,Weekday,259.27,252.443,6.826999999999998,39,91.38499999999999,115.24
12,2018-11-15 09:30,2018-11-15 09:30,1,Medium_Load,Weekday,123.48,116.66099999999999,6.819000000000017,207,91.65,53.89
44,2018-12-14 09:00,2018-12-14 09:00,1,Light_Load,Weekday,134.5,127.76799999999999,6.7320000000000135,218,90.44,63.47
59,2018-12-27 13:00,2018-12-27 13:00,1,Medium_Load,Weekday,17.82,11.530999999999997,6.289000000000003,207,99.78,1.19
7,2018-11-12 20:00,2018-11-12 20:00,1,Maximum_Load,Weekday,123.73,117.637,6.0930000000000035,39,92.28,51.66
14,2018-11-15 11:45,2018-11-15 11:45,1,Maximum_Load,Weekday,121.64,117.24799999999999,4.39200000000001,207,88.25,64.84
21,2018-11-22 08:45,2018-11-22 08:45,1,Light_Load,Weekday,120.67,116.43149999999999,4.238500000000016,218,87.84,65.66
26,2018-11-24 16:45,2018-11-24 17:30,4,Light_Load,Weekend,22.21,18.781,3.4290000000000003,39,100.0,0.0
11,2018-11-15 08:30,2018-11-15 08:45,2,Light_Load,Weekday,234.43,231.17849999999999,3.2515000000000356,218,85.36,143.07
47,2018-12-14 11:30,2018-12-14 11:30,1,Maximum_Load,Weekday,124.2,121.223,2.977000000000004,207,89.94,60.37
8,2018-11-13 09:00,2018-11-13 09:00,1,Light_Load,Weekday,130.46,127.76799999999999,2.6920000000000215,218,91.41,57.89
46,2018-12-14 10:30,2018-12-14 10:30,1,Maximum_Load,Weekday,120.67,118.16799999999999,2.5020000000000095,207,88.99,61.85
13,2018-11-15 11:15,2018-11-15 11:15,1,Maximum_Load,Weekday,123.98,121.60699999999997,2.373000000000033,207,89.28,62.57
27,2018-11-27 06:00,2018-11-27 06:15,2,Light_Load,Weekday,11.52,9.594999999999999,1.9250000000000025,218,82.28,7.95
20,2018-11-21 20:00,2018-11-21 20:00,1,Maximum_Load,Weekday,119.45,117.637,1.8130000000000024,39,91.5,52.67
24,2018-11-24 13:30,2018-11-24 14:00,3,Light_Load,Weekend,16.81,15.012,1.7979999999999983,39,100.0,0.0
1,2018-11-03 10:30,2018-11-03 10:30,1,Maximum_Load,Weekend,88.88,87.34099999999997,1.53900000000003,47,95.33,28.15
2,2018-11-03 11:30,2018-11-03 11:30,1,Maximum_Load,Weekend,92.02,90.518,1.5019999999999953,47,96.42,25.31
19,2018-11-21 19:00,2018-11-21 19:00,1,Maximum_Load,Weekday,119.59,118.15900000000002,1.4309999999999832,39,91.07,54.25
55,2018-12-22 21:15,2018-12-22 21:30,2,Light_Load,Weekend,10.120000000000001,8.773,1.3469999999999995,39,100.0,0.0
39,2018-12-07 12:30,2018-12-07 12:30,1,Medium_Load,Weekday,12.49,11.515999999999988,0.9740000000000126,207,100.0,0.0
35,2018-12-02 20:15,2018-12-02 20:30,2,Light_Load,Weekend,9.43,8.469000000000001,0.9609999999999985,39,100.0,0.0
56,2018-12-23 12:30,2018-12-23 12:30,1,Light_Load,Weekend,5.54,4.766,0.774,39,100.0,0.0
49,2018-12-15 10:45,2018-12-15 11:00,2,Light_Load,Weekend,10.33,9.576,0.7539999999999996,39,100.0,0.0
54,2018-12-22 17:15,2018-12-22 17:15,1,Light_Load,Weekend,5.44,4.691,0.7490000000000006,39,100.0,0.0
34,2018-12-02 12:45,2018-12-02 12:45,1,Light_Load,Weekend,5.36,4.635000000000002,0.7249999999999988,39,100.0,0.0
57,2018-12-23 16:45,2018-12-23 16:45,1,Light_Load,Weekend,5.33,4.649000000000001,0.6809999999999992,39,100.0,0.0
40,2018-12-10 12:45,2018-12-10 12:45,1,Medium_Load,Weekday,11.45,10.796999999999993,0.6530000000000058,207,100.0,0.0
36,2018-12-02 22:15,2018-12-02 22:30,2,Light_Load,Weekend,8.39,7.921000000000001,0.4689999999999994,39,80.815,6.12
33,2018-11-30 05:45,2018-11-30 06:00,2,Light_Load,Weekday,10.04,9.605499999999996,0.4345000000000043,218,69.165,10.48
50,2018-12-16 23:15,2018-12-16 23:15,1,Light_Load,Weekend,4.82,4.4725,0.34750000000000014,86,83.31,3.2
43,2018-12-14 05:15,2018-12-14 05:15,1,Light_Load,Weekday,5.4,5.056499999999998,0.34350000000000236,218,83.7,3.53
4,2018-11-04 10:45,2018-11-04 10:45,1,Maximum_Load,Weekend,91.73,91.46999999999998,0.2600000000000193,47,96.49,24.95
6,2018-11-10 06:15,2018-11-10 06:15,1,Light_Load,Weekend,5.69,5.44,0.25,86,60.34,7.52
37,2018-12-04 05:30,2018-12-04 05:30,1,Light_Load,Weekday,5.44,5.230499999999998,0.20950000000000202,218,71.69,5.29
62,2018-12-30 07:30,2018-12-30 07:30,1,Light_Load,Weekend,4.97,4.78,0.1899999999999995,86,80.44,3.67
61,2018-12-29 20:15,2018-12-29 20:30,2,Light_Load,Weekend,8.64,8.469000000000001,0.17099999999999937,39,100.0,0.0
25,2018-11-24 16:00,2018-11-24 16:00,1,Light_Load,Weekend,5.44,5.283000000000003,0.15699999999999736,39,100.0,0.0
3,2018-11-03 23:15,2018-11-03 23:15,1,Light_Load,Weekend,4.54,4.4725,0.0674999999999999,86,65.34,5.26
58,2018-12-26 06:00,2018-12-26 06:00,1,Light_Load,Weekday,4.79,4.724499999999999,0.065500000000001,218,81.38,3.42
