Load_Type,WeekStatus,minute_of_day,sample_count,median_kwh,p95_kwh,reference_period
Light_Load,Weekday,0,218,3.56,61.635999999999754,2018-01-01 through 2018-10-31
Light_Load,Weekday,15,218,3.42,41.74699999999999,2018-01-01 through 2018-10-31
Light_Load,Weekday,30,218,3.46,47.35999999999963,2018-01-01 through 2018-10-31
Light_Load,Weekday,45,218,3.35,43.489999999999704,2018-01-01 through 2018-10-31
Light_Load,Weekday,60,218,3.35,44.01049999999973,2018-01-01 through 2018-10-31
Light_Load,Weekday,75,218,3.295,34.79749999999996,2018-01-01 through 2018-10-31
Light_Load,Weekday,90,218,3.24,14.624499999999834,2018-01-01 through 2018-10-31
Light_Load,Weekday,105,218,3.28,6.853999999999992,2018-01-01 through 2018-10-31
Light_Load,Weekday,120,218,3.2,6.3504999999999985,2018-01-01 through 2018-10-31
Light_Load,Weekday,135,218,3.13,6.2464999999999975,2018-01-01 through 2018-10-31
Light_Load,Weekday,150,218,3.17,6.091999999999998,2018-01-01 through 2018-10-31
Light_Load,Weekday,165,218,3.17,6.05,2018-01-01 through 2018-10-31
Light_Load,Weekday,180,218,3.1,5.9845,2018-01-01 through 2018-10-31
Light_Load,Weekday,195,218,3.13,6.01,2018-01-01 through 2018-10-31
Light_Load,Weekday,210,218,3.1,5.950499999999999,2018-01-01 through 2018-10-31
Light_Load,Weekday,225,218,3.1,5.950499999999999,2018-01-01 through 2018-10-31
Light_Load,Weekday,240,218,3.1,5.9845,2018-01-01 through 2018-10-31
Light_Load,Weekday,255,218,3.13,5.906,2018-01-01 through 2018-10-31
Light_Load,Weekday,270,218,3.1,5.906,2018-01-01 through 2018-10-31
Light_Load,Weekday,285,218,3.1,5.906,2018-01-01 through 2018-10-31
Light_Load,Weekday,300,218,3.1,5.230499999999998,2018-01-01 through 2018-10-31
Light_Load,Weekday,315,218,3.06,5.056499999999998,2018-01-01 through 2018-10-31
Light_Load,Weekday,330,218,3.1,5.230499999999998,2018-01-01 through 2018-10-31
Light_Load,Weekday,345,218,3.1,4.880999999999997,2018-01-01 through 2018-10-31
Light_Load,Weekday,360,218,3.06,4.724499999999999,2018-01-01 through 2018-10-31
Light_Load,Weekday,375,218,3.06,4.870499999999999,2018-01-01 through 2018-10-31
Light_Load,Weekday,390,218,3.1,5.056499999999998,2018-01-01 through 2018-10-31
Light_Load,Weekday,405,218,3.06,4.914999999999998,2018-01-01 through 2018-10-31
Light_Load,Weekday,420,218,3.02,4.826,2018-01-01 through 2018-10-31
Light_Load,Weekday,435,218,3.06,4.826,2018-01-01 through 2018-10-31
Light_Load,Weekday,450,218,3.49,6.380499999999999,2018-01-01 through 2018-10-31
Light_Load,Weekday,465,218,3.98,8.105999999999998,2018-01-01 through 2018-10-31
Light_Load,Weekday,480,218,4.734999999999999,16.8545,2018-01-01 through 2018-10-31
Light_Load,Weekday,495,218,36.72,72.25399999999999,2018-01-01 through 2018-10-31
Light_Load,Weekday,510,218,62.335,114.74699999999999,2018-01-01 through 2018-10-31
Light_Load,Weekday,525,218,66.02,116.43149999999999,2018-01-01 through 2018-10-31
Light_Load,Weekday,540,218,66.78,127.76799999999999,2018-01-01 through 2018-10-31
Light_Load,Weekday,555,11,3.2,4.41,2018-01-01 through 2018-10-31
Light_Load,Weekday,570,11,3.2,4.390000000000001,2018-01-01 through 2018-10-31
Light_Load,Weekday,585,11,3.17,4.3,2018-01-01 through 2018-10-31
Light_Load,Weekday,600,11,3.1,4.45,2018-01-01 through 2018-10-31
Light_Load,Weekday,615,11,3.13,4.59,2018-01-01 through 2018-10-31
Light_Load,Weekday,630,11,3.35,4.48,2018-01-01 through 2018-10-31
Light_Load,Weekday,645,11,3.42,3.765,2018-01-01 through 2018-10-31
Light_Load,Weekday,660,11,2.88,4.085,2018-01-01 through 2018-10-31
Light_Load,Weekday,675,11,2.84,3.455,2018-01-01 through 2018-10-31
Light_Load,Weekday,690,11,3.17,3.51,2018-01-01 through 2018-10-31
Light_Load,Weekday,705,11,3.02,4.5,2018-01-01 through 2018-10-31
Light_Load,Weekday,720,11,2.99,4.07,2018-01-01 through 2018-10-31
Light_Load,Weekday,735,11,2.95,3.76,2018-01-01 through 2018-10-31
Light_Load,Weekday,750,11,2.99,4.140000000000001,2018-01-01 through 2018-10-31
Light_Load,Weekday,765,11,3.06,3.67,2018-01-01 through 2018-10-31
Light_Load,Weekday,780,11,2.99,3.545,2018-01-01 through 2018-10-31
Light_Load,Weekday,795,11,3.13,3.835,2018-01-01 through 2018-10-31
Light_Load,Weekday,810,11,3.2,3.925,2018-01-01 through 2018-10-31
Light_Load,Weekday,825,11,3.17,3.6550000000000002,2018-01-01 through 2018-10-31
Light_Load,Weekday,840,11,3.13,4.23,2018-01-01 through 2018-10-31
Light_Load,Weekday,855,11,3.31,3.76,2018-01-01 through 2018-10-31
Light_Load,Weekday,870,11,2.99,3.995,2018-01-01 through 2018-10-31
Light_Load,Weekday,885,11,3.1,3.9749999999999996,2018-01-01 through 2018-10-31
Light_Load,Weekday,900,11,3.1,3.7800000000000002,2018-01-01 through 2018-10-31
Light_Load,Weekday,915,11,3.13,3.67,2018-01-01 through 2018-10-31
Light_Load,Weekday,930,11,3.02,3.76,2018-01-01 through 2018-10-31
Light_Load,Weekday,945,11,3.1,3.8,2018-01-01 through 2018-10-31
Light_Load,Weekday,960,11,3.24,4.355,2018-01-01 through 2018-10-31
Light_Load,Weekday,975,11,2.95,4.140000000000001,2018-01-01 through 2018-10-31
Light_Load,Weekday,990,11,3.28,3.51,2018-01-01 through 2018-10-31
Light_Load,Weekday,1005,11,3.28,4.035,2018-01-01 through 2018-10-31
Light_Load,Weekday,1020,11,3.42,3.925,2018-01-01 through 2018-10-31
Light_Load,Weekday,1035,11,2.95,3.885,2018-01-01 through 2018-10-31
Light_Load,Weekday,1050,11,3.02,3.9399999999999995,2018-01-01 through 2018-10-31
Light_Load,Weekday,1065,11,3.17,3.545,2018-01-01 through 2018-10-31
Light_Load,Weekday,1080,11,3.02,3.9050000000000002,2018-01-01 through 2018-10-31
Light_Load,Weekday,1095,11,2.92,3.835,2018-01-01 through 2018-10-31
Light_Load,Weekday,1110,11,2.88,3.69,2018-01-01 through 2018-10-31
Light_Load,Weekday,1125,11,3.13,3.87,2018-01-01 through 2018-10-31
Light_Load,Weekday,1140,11,3.17,3.925,2018-01-01 through 2018-10-31
Light_Load,Weekday,1155,11,2.95,3.96,2018-01-01 through 2018-10-31
Light_Load,Weekday,1170,11,3.13,3.925,2018-01-01 through 2018-10-31
Light_Load,Weekday,1185,11,3.2,4.34,2018-01-01 through 2018-10-31
Light_Load,Weekday,1200,11,3.13,3.6,2018-01-01 through 2018-10-31
Light_Load,Weekday,1215,11,3.31,3.9050000000000002,2018-01-01 through 2018-10-31
Light_Load,Weekday,1230,11,3.2,3.6500000000000004,2018-01-01 through 2018-10-31
Light_Load,Weekday,1245,11,3.13,3.58,2018-01-01 through 2018-10-31
Light_Load,Weekday,1260,11,3.06,4.285,2018-01-01 through 2018-10-31
Light_Load,Weekday,1275,11,3.06,3.925,2018-01-01 through 2018-10-31
Light_Load,Weekday,1290,11,3.35,3.6550000000000002,2018-01-01 through 2018-10-31
Light_Load,Weekday,1305,11,3.42,4.195,2018-01-01 through 2018-10-31
Light_Load,Weekday,1320,11,3.31,3.89,2018-01-01 through 2018-10-31
Light_Load,Weekday,1335,11,3.06,3.9450000000000003,2018-01-01 through 2018-10-31
Light_Load,Weekday,1350,11,2.99,3.545,2018-01-01 through 2018-10-31
Light_Load,Weekday,1365,11,2.95,3.365,2018-01-01 through 2018-10-31
Light_Load,Weekday,1380,11,2.95,3.365,2018-01-01 through 2018-10-31
Light_Load,Weekday,1395,218,3.56,50.53999999999967,2018-01-01 through 2018-10-31
Light_Load,Weekday,1410,218,3.56,56.48599999999956,2018-01-01 through 2018-10-31
Light_Load,Weekday,1425,218,3.56,61.206,2018-01-01 through 2018-10-31
Light_Load,Weekend,0,86,2.935,4.6000000000000005,2018-01-01 through 2018-10-31
Light_Load,Weekend,15,86,3.17,63.17,2018-01-01 through 2018-10-31
Light_Load,Weekend,30,86,3.1,51.182500000000005,2018-01-01 through 2018-10-31
Light_Load,Weekend,45,86,3.04,37.287499999999994,2018-01-01 through 2018-10-31
Light_Load,Weekend,60,86,3.02,38.625,2018-01-01 through 2018-10-31
Light_Load,Weekend,75,86,3.04,27.7475,2018-01-01 through 2018-10-31
Light_Load,Weekend,90,86,3.1,8.125,2018-01-01 through 2018-10-31
Light_Load,Weekend,105,86,3.06,8.6525,2018-01-01 through 2018-10-31
Light_Load,Weekend,120,86,3.06,6.859999999999999,2018-01-01 through 2018-10-31
Light_Load,Weekend,135,86,3.02,6.1225000000000005,2018-01-01 through 2018-10-31
Light_Load,Weekend,150,86,3.04,6.1025,2018-01-01 through 2018-10-31
Light_Load,Weekend,165,86,3.06,6.01,2018-01-01 through 2018-10-31
Light_Load,Weekend,180,86,3.1,6.0325,2018-01-01 through 2018-10-31
Light_Load,Weekend,195,86,3.1,6.0225,2018-01-01 through 2018-10-31
Light_Load,Weekend,210,86,3.06,5.94,2018-01-01 through 2018-10-31
Light_Load,Weekend,225,86,3.115,5.98,2018-01-01 through 2018-10-31
Light_Load,Weekend,240,86,3.1,5.87,2018-01-01 through 2018-10-31
Light_Load,Weekend,255,86,3.06,5.9,2018-01-01 through 2018-10-31
Light_Load,Weekend,270,86,3.06,5.87,2018-01-01 through 2018-10-31
Light_Load,Weekend,285,86,3.06,5.94,2018-01-01 through 2018-10-31
Light_Load,Weekend,300,86,3.1,5.9,2018-01-01 through 2018-10-31
Light_Load,Weekend,315,86,3.1,5.8925,2018-01-01 through 2018-10-31
Light_Load,Weekend,330,86,3.04,5.930000000000001,2018-01-01 through 2018-10-31
Light_Load,Weekend,345,86,3.005,5.6225000000000005,2018-01-01 through 2018-10-31
Light_Load,Weekend,360,86,2.99,5.742500000000001,2018-01-01 through 2018-10-31
Light_Load,Weekend,375,86,3.02,5.44,2018-01-01 through 2018-10-31
Light_Load,Weekend,390,86,3.005,4.9025,2018-01-01 through 2018-10-31
Light_Load,Weekend,405,86,3.0250000000000004,4.8425,2018-01-01 through 2018-10-31
Light_Load,Weekend,420,86,3.06,4.7725,2018-01-01 through 2018-10-31
Light_Load,Weekend,435,86,3.02,4.72,2018-01-01 through 2018-10-31
Light_Load,Weekend,450,86,3.06,4.78,2018-01-01 through 2018-10-31
Light_Load,Weekend,465,86,3.17,6.3925,2018-01-01 through 2018-10-31
Light_Load,Weekend,480,86,3.24,8.66,2018-01-01 through 2018-10-31
Light_Load,Weekend,495,86,6.550000000000001,48.285,2018-01-01 through 2018-10-31
Light_Load,Weekend,510,86,14.42,97.9075,2018-01-01 through 2018-10-31
Light_Load,Weekend,525,86,8.945,76.7675,2018-01-01 through 2018-10-31
Light_Load,Weekend,540,86,10.8,85.8425,2018-01-01 through 2018-10-31
Light_Load,Weekend,555,39,3.13,4.948,2018-01-01 through 2018-10-31
Light_Load,Weekend,570,39,3.17,4.790000000000001,2018-01-01 through 2018-10-31
Light_Load,Weekend,585,39,3.17,5.254000000000002,2018-01-01 through 2018-10-31
Light_Load,Weekend,600,39,3.35,5.008,2018-01-01 through 2018-10-31
Light_Load,Weekend,615,39,3.35,4.6640000000000015,2018-01-01 through 2018-10-31
Light_Load,Weekend,630,39,3.17,4.691,2018-01-01 through 2018-10-31
Light_Load,Weekend,645,39,3.24,4.783,2018-01-01 through 2018-10-31
Light_Load,Weekend,660,39,3.13,4.793,2018-01-01 through 2018-10-31
Light_Load,Weekend,675,39,3.06,5.029000000000001,2018-01-01 through 2018-10-31
Light_Load,Weekend,690,39,3.02,5.18,2018-01-01 through 2018-10-31
Light_Load,Weekend,705,39,2.99,4.9430000000000005,2018-01-01 through 2018-10-31
Light_Load,Weekend,720,39,3.02,4.581,2018-01-01 through 2018-10-31
Light_Load,Weekend,735,39,3.17,5.094,2018-01-01 through 2018-10-31
Light_Load,Weekend,750,39,3.2,4.766,2018-01-01 through 2018-10-31
Light_Load,Weekend,765,39,3.24,4.635000000000002,2018-01-01 through 2018-10-31
Light_Load,Weekend,780,39,3.17,5.11,2018-01-01 through 2018-10-31
Light_Load,Weekend,795,39,3.24,5.117,2018-01-01 through 2018-10-31
Light_Load,Weekend,810,39,3.24,4.7860000000000005,2018-01-01 through 2018-10-31
Light_Load,Weekend,825,39,3.17,4.984,2018-01-01 through 2018-10-31
Light_Load,Weekend,840,39,3.24,5.242000000000001,2018-01-01 through 2018-10-31
Light_Load,Weekend,855,39,3.24,4.819000000000001,2018-01-01 through 2018-10-31
Light_Load,Weekend,870,39,3.2,4.8260000000000005,2018-01-01 through 2018-10-31
Light_Load,Weekend,885,39,3.17,5.105,2018-01-01 through 2018-10-31
Light_Load,Weekend,900,39,3.17,5.157000000000001,2018-01-01 through 2018-10-31
Light_Load,Weekend,915,39,3.24,5.150000000000001,2018-01-01 through 2018-10-31
Light_Load,Weekend,930,39,3.2,5.171,2018-01-01 through 2018-10-31
Light_Load,Weekend,945,39,3.31,6.3950000000000005,2018-01-01 through 2018-10-31
Light_Load,Weekend,960,39,3.17,5.283000000000003,2018-01-01 through 2018-10-31
Light_Load,Weekend,975,39,3.17,5.312000000000003,2018-01-01 through 2018-10-31
Light_Load,Weekend,990,39,3.17,5.299000000000001,2018-01-01 through 2018-10-31
Light_Load,Weekend,1005,39,3.17,4.649000000000001,2018-01-01 through 2018-10-31
Light_Load,Weekend,1020,39,3.13,4.801,2018-01-01 through 2018-10-31
Light_Load,Weekend,1035,39,3.17,4.691,2018-01-01 through 2018-10-31
Light_Load,Weekend,1050,39,3.2,4.64,2018-01-01 through 2018-10-31
Light_Load,Weekend,1065,39,3.2,4.835000000000001,2018-01-01 through 2018-10-31
Light_Load,Weekend,1080,39,3.17,4.797000000000001,2018-01-01 through 2018-10-31
Light_Load,Weekend,1095,39,3.1,4.489000000000001,2018-01-01 through 2018-10-31
Light_Load,Weekend,1110,39,3.1,4.300000000000001,2018-01-01 through 2018-10-31
Light_Load,Weekend,1125,39,3.2,4.831,2018-01-01 through 2018-10-31
Light_Load,Weekend,1140,39,3.28,4.871,2018-01-01 through 2018-10-31
Light_Load,Weekend,1155,39,3.2,4.466,2018-01-01 through 2018-10-31
Light_Load,Weekend,1170,39,3.17,4.324000000000001,2018-01-01 through 2018-10-31
Light_Load,Weekend,1185,39,3.1,4.75,2018-01-01 through 2018-10-31
Light_Load,Weekend,1200,39,3.24,4.761,2018-01-01 through 2018-10-31
Light_Load,Weekend,1215,39,3.31,4.235,2018-01-01 through 2018-10-31
Light_Load,Weekend,1230,39,3.31,4.234000000000001,2018-01-01 through 2018-10-31
Light_Load,Weekend,1245,39,3.24,4.525,2018-01-01 through 2018-10-31
Light_Load,Weekend,1260,39,3.17,4.801,2018-01-01 through 2018-10-31
Light_Load,Weekend,1275,39,3.17,4.118,2018-01-01 through 2018-10-31
Light_Load,Weekend,1290,39,3.2,4.655,2018-01-01 through 2018-10-31
Light_Load,Weekend,1305,39,3.13,4.862000000000001,2018-01-01 through 2018-10-31
Light_Load,Weekend,1320,39,3.2,4.360000000000001,2018-01-01 through 2018-10-31
Light_Load,Weekend,1335,39,3.1,4.064000000000001,2018-01-01 through 2018-10-31
Light_Load,Weekend,1350,39,2.95,3.857,2018-01-01 through 2018-10-31
Light_Load,Weekend,1365,39,2.92,4.433,2018-01-01 through 2018-10-31
Light_Load,Weekend,1380,39,2.95,4.219,2018-01-01 through 2018-10-31
Light_Load,Weekend,1395,86,2.99,4.4725,2018-01-01 through 2018-10-31
Light_Load,Weekend,1410,86,2.95,4.525,2018-01-01 through 2018-10-31
Light_Load,Weekend,1425,86,2.92,4.5625,2018-01-01 through 2018-10-31
Maximum_Load,Weekday,615,207,62.78,119.45599999999999,2018-01-01 through 2018-10-31
Maximum_Load,Weekday,630,207,60.8,118.16799999999999,2018-01-01 through 2018-10-31
Maximum_Load,Weekday,645,207,62.06,119.34999999999998,2018-01-01 through 2018-10-31
Maximum_Load,Weekday,660,207,65.45,114.12599999999999,2018-01-01 through 2018-10-31
Maximum_Load,Weekday,675,207,65.16,121.60699999999997,2018-01-01 through 2018-10-31
Maximum_Load,Weekday,690,207,65.7,121.223,2018-01-01 through 2018-10-31
Maximum_Load,Weekday,705,207,65.2,117.24799999999999,2018-01-01 through 2018-10-31
Maximum_Load,Weekday,720,207,60.12,122.748,2018-01-01 through 2018-10-31
Maximum_Load,Weekday,795,168,40.68,70.925,2018-01-01 through 2018-10-31
Maximum_Load,Weekday,810,168,61.36,111.26950000000001,2018-01-01 through 2018-10-31
Maximum_Load,Weekday,825,168,60.56999999999999,116.0035,2018-01-01 through 2018-10-31
Maximum_Load,Weekday,840,168,59.33,111.811,2018-01-01 through 2018-10-31
Maximum_Load,Weekday,855,168,59.474999999999994,113.40350000000001,2018-01-01 through 2018-10-31
Maximum_Load,Weekday,870,168,60.23,111.577,2018-01-01 through 2018-10-31
Maximum_Load,Weekday,885,168,59.815,110.0655,2018-01-01 through 2018-10-31
Maximum_Load,Weekday,900,168,60.12,112.19749999999999,2018-01-01 through 2018-10-31
Maximum_Load,Weekday,915,168,58.9,109.938,2018-01-01 through 2018-10-31
Maximum_Load,Weekday,930,168,58.91,112.108,2018-01-01 through 2018-10-31
Maximum_Load,Weekday,945,168,61.635000000000005,111.453,2018-01-01 through 2018-10-31
Maximum_Load,Weekday,960,168,61.11,106.6175,2018-01-01 through 2018-10-31
Maximum_Load,Weekday,975,168,60.08,114.85300000000001,2018-01-01 through 2018-10-31
Maximum_Load,Weekday,990,168,59.26,110.8985,2018-01-01 through 2018-10-31
Maximum_Load,Weekday,1005,168,61.47,111.39,2018-01-01 through 2018-10-31
Maximum_Load,Weekday,1020,168,58.16,112.12650000000001,2018-01-01 through 2018-10-31
Maximum_Load,Weekday,1035,39,91.98,132.437,2018-01-01 through 2018-10-31
Maximum_Load,Weekday,1050,39,89.42,132.46400000000003,2018-01-01 through 2018-10-31
Maximum_Load,Weekday,1065,39,52.27,114.39500000000001,2018-01-01 through 2018-10-31
Maximum_Load,Weekday,1080,39,44.96,97.81400000000001,2018-01-01 through 2018-10-31
Maximum_Load,Weekday,1095,39,59.11,98.37700000000001,2018-01-01 through 2018-10-31
Maximum_Load,Weekday,1110,39,65.45,133.08300000000003,2018-01-01 through 2018-10-31
Maximum_Load,Weekday,1125,39,66.49,128.09300000000002,2018-01-01 through 2018-10-31
Maximum_Load,Weekday,1140,39,67.18,118.15900000000002,2018-01-01 through 2018-10-31
Maximum_Load,Weekday,1155,39,68.58,130.9,2018-01-01 through 2018-10-31
Maximum_Load,Weekday,1170,39,71.1,133.553,2018-01-01 through 2018-10-31
Maximum_Load,Weekday,1185,39,74.2,132.691,2018-01-01 through 2018-10-31
Maximum_Load,Weekday,1200,39,74.34,117.637,2018-01-01 through 2018-10-31
Maximum_Load,Weekday,1335,39,38.74,91.732,2018-01-01 through 2018-10-31
Maximum_Load,Weekday,1350,39,36.76,83.551,2018-01-01 through 2018-10-31
Maximum_Load,Weekday,1365,39,36.97,90.891,2018-01-01 through 2018-10-31
Maximum_Load,Weekday,1380,39,36.94,82.91200000000003,2018-01-01 through 2018-10-31
Maximum_Load,Weekend,615,47,40.57,95.70599999999992,2018-01-01 through 2018-10-31
Maximum_Load,Weekend,630,47,40.14,87.34099999999997,2018-01-01 through 2018-10-31
Maximum_Load,Weekend,645,47,37.48,91.46999999999998,2018-01-01 through 2018-10-31
Maximum_Load,Weekend,660,47,37.62,97.57999999999998,2018-01-01 through 2018-10-31
Maximum_Load,Weekend,675,47,38.05,100.35499999999996,2018-01-01 through 2018-10-31
Maximum_Load,Weekend,690,47,38.77,90.518,2018-01-01 through 2018-10-31
Maximum_Load,Weekend,705,47,38.34,97.83499999999994,2018-01-01 through 2018-10-31
Maximum_Load,Weekend,720,47,27.68,74.86899999999991,2018-01-01 through 2018-10-31
Maximum_Load,Weekend,795,40,19.96,40.57899999999997,2018-01-01 through 2018-10-31
Maximum_Load,Weekend,810,40,38.685,90.75999999999999,2018-01-01 through 2018-10-31
Maximum_Load,Weekend,825,40,37.37,97.73299999999998,2018-01-01 through 2018-10-31
Maximum_Load,Weekend,840,40,36.739999999999995,105.172,2018-01-01 through 2018-10-31
Maximum_Load,Weekend,855,40,36.195,81.37799999999997,2018-01-01 through 2018-10-31
Maximum_Load,Weekend,870,40,38.375,94.81699999999996,2018-01-01 through 2018-10-31
Maximum_Load,Weekend,885,40,37.94,95.749,2018-01-01 through 2018-10-31
Maximum_Load,Weekend,900,40,38.215,99.80799999999999,2018-01-01 through 2018-10-31
Maximum_Load,Weekend,915,40,38.88,98.41849999999998,2018-01-01 through 2018-10-31
Maximum_Load,Weekend,930,40,39.005,97.0255,2018-01-01 through 2018-10-31
Maximum_Load,Weekend,945,40,36.45,98.0925,2018-01-01 through 2018-10-31
Maximum_Load,Weekend,960,40,35.875,86.9685,2018-01-01 through 2018-10-31
Maximum_Load,Weekend,975,40,37.565,102.94,2018-01-01 through 2018-10-31
Maximum_Load,Weekend,990,40,35.765,90.37249999999996,2018-01-01 through 2018-10-31
Maximum_Load,Weekend,1005,40,35.84,102.3175,2018-01-01 through 2018-10-31
Maximum_Load,Weekend,1020,40,13.84,51.395499999999956,2018-01-01 through 2018-10-31
Maximum_Load,Weekend,1035,7,30.2,59.66699999999999,2018-01-01 through 2018-10-31
Maximum_Load,Weekend,1050,7,30.46,74.17599999999996,2018-01-01 through 2018-10-31
Maximum_Load,Weekend,1065,7,19.66,62.376999999999974,2018-01-01 through 2018-10-31
Maximum_Load,Weekend,1080,7,6.44,74.21199999999997,2018-01-01 through 2018-10-31
Maximum_Load,Weekend,1095,7,6.37,60.61299999999998,2018-01-01 through 2018-10-31
Maximum_Load,Weekend,1110,7,6.12,71.53899999999997,2018-01-01 through 2018-10-31
Maximum_Load,Weekend,1125,7,6.37,66.29799999999997,2018-01-01 through 2018-10-31
Maximum_Load,Weekend,1140,7,6.41,74.15499999999996,2018-01-01 through 2018-10-31
Maximum_Load,Weekend,1155,7,6.3,60.81699999999998,2018-01-01 through 2018-10-31
Maximum_Load,Weekend,1170,7,6.41,40.903,2018-01-01 through 2018-10-31
Maximum_Load,Weekend,1185,7,6.34,75.05799999999996,2018-01-01 through 2018-10-31
Maximum_Load,Weekend,1200,7,6.37,73.70999999999997,2018-01-01 through 2018-10-31
Maximum_Load,Weekend,1335,7,4.86,74.25799999999997,2018-01-01 through 2018-10-31
Maximum_Load,Weekend,1350,7,4.68,67.12399999999997,2018-01-01 through 2018-10-31
Maximum_Load,Weekend,1365,7,6.05,74.63299999999995,2018-01-01 through 2018-10-31
Maximum_Load,Weekend,1380,7,4.9,69.21799999999998,2018-01-01 through 2018-10-31
Medium_Load,Weekday,555,207,67.5,121.039,2018-01-01 through 2018-10-31
Medium_Load,Weekday,570,207,66.64,116.66099999999999,2018-01-01 through 2018-10-31
Medium_Load,Weekday,585,207,65.7,116.78699999999999,2018-01-01 through 2018-10-31
Medium_Load,Weekday,600,207,64.4,122.128,2018-01-01 through 2018-10-31
Medium_Load,Weekday,735,207,9.65,27.717999999999986,2018-01-01 through 2018-10-31
Medium_Load,Weekday,750,207,5.51,11.515999999999988,2018-01-01 through 2018-10-31
Medium_Load,Weekday,765,207,5.47,10.796999999999993,2018-01-01 through 2018-10-31
Medium_Load,Weekday,780,207,5.58,11.530999999999997,2018-01-01 through 2018-10-31
Medium_Load,Weekday,795,39,72.14,101.952,2018-01-01 through 2018-10-31
Medium_Load,Weekday,810,39,91.69,136.996,2018-01-01 through 2018-10-31
Medium_Load,Weekday,825,39,91.3,127.854,2018-01-01 through 2018-10-31
Medium_Load,Weekday,840,39,97.34,124.58900000000001,2018-01-01 through 2018-10-31
Medium_Load,Weekday,855,39,93.31,129.51000000000002,2018-01-01 through 2018-10-31
Medium_Load,Weekday,870,39,79.27,132.54100000000003,2018-01-01 through 2018-10-31
Medium_Load,Weekday,885,39,88.78,123.50900000000001,2018-01-01 through 2018-10-31
Medium_Load,Weekday,900,39,96.52,130.525,2018-01-01 through 2018-10-31
Medium_Load,Weekday,915,39,80.68,127.948,2018-01-01 through 2018-10-31
Medium_Load,Weekday,930,39,80.21,133.58200000000002,2018-01-01 through 2018-10-31
Medium_Load,Weekday,945,39,92.95,134.946,2018-01-01 through 2018-10-31
Medium_Load,Weekday,960,39,76.14,129.49,2018-01-01 through 2018-10-31
Medium_Load,Weekday,975,39,85.9,136.757,2018-01-01 through 2018-10-31
Medium_Load,Weekday,990,39,85.72,129.965,2018-01-01 through 2018-10-31
Medium_Load,Weekday,1005,39,95.26,136.17000000000002,2018-01-01 through 2018-10-31
Medium_Load,Weekday,1020,39,90.14,130.966,2018-01-01 through 2018-10-31
Medium_Load,Weekday,1035,168,58.894999999999996,112.69950000000001,2018-01-01 through 2018-10-31
Medium_Load,Weekday,1050,168,56.05500000000001,101.551,2018-01-01 through 2018-10-31
Medium_Load,Weekday,1065,168,31.445,60.025000000000006,2018-01-01 through 2018-10-31
Medium_Load,Weekday,1080,168,30.455,45.81550000000003,2018-01-01 through 2018-10-31
Medium_Load,Weekday,1095,168,38.915000000000006,68.01350000000001,2018-01-01 through 2018-10-31
Medium_Load,Weekday,1110,168,50.525,104.015,2018-01-01 through 2018-10-31
Medium_Load,Weekday,1125,168,50.455,97.98000000000002,2018-01-01 through 2018-10-31
Medium_Load,Weekday,1140,168,48.765,107.84200000000001,2018-01-01 through 2018-10-31
Medium_Load,Weekday,1155,168,48.58,101.24050000000001,2018-01-01 through 2018-10-31
Medium_Load,Weekday,1170,168,51.099999999999994,102.2415,2018-01-01 through 2018-10-31
Medium_Load,Weekday,1185,168,48.85,102.65549999999999,2018-01-01 through 2018-10-31
Medium_Load,Weekday,1200,168,49.32,106.10300000000001,2018-01-01 through 2018-10-31
Medium_Load,Weekday,1215,207,52.09,107.41399999999999,2018-01-01 through 2018-10-31
Medium_Load,Weekday,1230,207,55.15,114.505,2018-01-01 through 2018-10-31
Medium_Load,Weekday,1245,207,47.63,105.82499999999999,2018-01-01 through 2018-10-31
Medium_Load,Weekday,1260,207,28.48,84.82799999999999,2018-01-01 through 2018-10-31
Medium_Load,Weekday,1275,207,6.52,78.536,2018-01-01 through 2018-10-31
Medium_Load,Weekday,1290,207,4.25,69.4419999999998,2018-01-01 through 2018-10-31
Medium_Load,Weekday,1305,207,4.07,57.43299999999999,2018-01-01 through 2018-10-31
Medium_Load,Weekday,1320,207,4.0,65.40999999999998,2018-01-01 through 2018-10-31
Medium_Load,Weekday,1335,168,3.78,6.381500000000009,2018-01-01 through 2018-10-31
Medium_Load,Weekday,1350,168,3.64,4.9895000000000005,2018-01-01 through 2018-10-31
Medium_Load,Weekday,1365,168,3.6,4.956,2018-01-01 through 2018-10-31
Medium_Load,Weekday,1380,168,3.6,4.835500000000001,2018-01-01 through 2018-10-31
Medium_Load,Weekend,555,47,38.74,95.04699999999998,2018-01-01 through 2018-10-31
Medium_Load,Weekend,570,47,37.69,91.532,2018-01-01 through 2018-10-31
Medium_Load,Weekend,585,47,41.22,93.90599999999999,2018-01-01 through 2018-10-31
Medium_Load,Weekend,600,47,37.87,86.43399999999997,2018-01-01 through 2018-10-31
Medium_Load,Weekend,735,47,4.25,23.53099999999999,2018-01-01 through 2018-10-31
Medium_Load,Weekend,750,47,4.32,19.03199999999993,2018-01-01 through 2018-10-31
Medium_Load,Weekend,765,47,4.25,19.198999999999927,2018-01-01 through 2018-10-31
Medium_Load,Weekend,780,47,4.21,20.179999999999943,2018-01-01 through 2018-10-31
Medium_Load,Weekend,795,7,21.1,44.52999999999999,2018-01-01 through 2018-10-31
Medium_Load,Weekend,810,7,37.22,91.1,2018-01-01 through 2018-10-31
Medium_Load,Weekend,825,7,40.5,88.67899999999999,2018-01-01 through 2018-10-31
Medium_Load,Weekend,840,7,41.76,84.34799999999997,2018-01-01 through 2018-10-31
Medium_Load,Weekend,855,7,37.8,89.504,2018-01-01 through 2018-10-31
Medium_Load,Weekend,870,7,35.93,88.60099999999998,2018-01-01 through 2018-10-31
Medium_Load,Weekend,885,7,38.12,78.45899999999999,2018-01-01 through 2018-10-31
Medium_Load,Weekend,900,7,40.97,83.49199999999999,2018-01-01 through 2018-10-31
Medium_Load,Weekend,915,7,38.63,94.89399999999998,2018-01-01 through 2018-10-31
Medium_Load,Weekend,930,7,36.47,75.64099999999999,2018-01-01 through 2018-10-31
Medium_Load,Weekend,945,7,38.23,96.99099999999996,2018-01-01 through 2018-10-31
Medium_Load,Weekend,960,7,54.65,90.76599999999996,2018-01-01 through 2018-10-31
Medium_Load,Weekend,975,7,40.86,76.737,2018-01-01 through 2018-10-31
Medium_Load,Weekend,990,7,41.4,79.15299999999999,2018-01-01 through 2018-10-31
Medium_Load,Weekend,1005,7,41.29,72.90199999999999,2018-01-01 through 2018-10-31
Medium_Load,Weekend,1020,7,37.48,78.92299999999999,2018-01-01 through 2018-10-31
Medium_Load,Weekend,1035,40,4.305,30.986999999999988,2018-01-01 through 2018-10-31
Medium_Load,Weekend,1050,40,4.015000000000001,26.63999999999999,2018-01-01 through 2018-10-31
Medium_Load,Weekend,1065,40,3.835,26.691999999999993,2018-01-01 through 2018-10-31
Medium_Load,Weekend,1080,40,3.74,26.578999999999986,2018-01-01 through 2018-10-31
Medium_Load,Weekend,1095,40,3.67,34.05249999999999,2018-01-01 through 2018-10-31
Medium_Load,Weekend,1110,40,3.58,30.592999999999964,2018-01-01 through 2018-10-31
Medium_Load,Weekend,1125,40,3.67,30.292499999999972,2018-01-01 through 2018-10-31
Medium_Load,Weekend,1140,40,3.74,29.111499999999953,2018-01-01 through 2018-10-31
Medium_Load,Weekend,1155,40,3.725,28.860999999999947,2018-01-01 through 2018-10-31
Medium_Load,Weekend,1170,40,3.69,28.644999999999975,2018-01-01 through 2018-10-31
Medium_Load,Weekend,1185,40,3.6550000000000002,28.583999999999975,2018-01-01 through 2018-10-31
Medium_Load,Weekend,1200,40,3.6,29.528999999999954,2018-01-01 through 2018-10-31
Medium_Load,Weekend,1215,47,3.56,43.31499999999998,2018-01-01 through 2018-10-31
Medium_Load,Weekend,1230,47,3.64,38.30199999999999,2018-01-01 through 2018-10-31
Medium_Load,Weekend,1245,47,3.46,40.215999999999994,2018-01-01 through 2018-10-31
Medium_Load,Weekend,1260,47,3.49,37.535999999999966,2018-01-01 through 2018-10-31
Medium_Load,Weekend,1275,47,3.46,34.63399999999997,2018-01-01 through 2018-10-31
Medium_Load,Weekend,1290,47,3.42,36.44299999999996,2018-01-01 through 2018-10-31
Medium_Load,Weekend,1305,47,3.42,35.95899999999996,2018-01-01 through 2018-10-31
Medium_Load,Weekend,1320,47,3.42,34.92299999999997,2018-01-01 through 2018-10-31
Medium_Load,Weekend,1335,40,3.2,3.7889999999999975,2018-01-01 through 2018-10-31
Medium_Load,Weekend,1350,40,3.06,4.039,2018-01-01 through 2018-10-31
Medium_Load,Weekend,1365,40,3.005,3.4635,2018-01-01 through 2018-10-31
Medium_Load,Weekend,1380,40,2.9850000000000003,4.005,2018-01-01 through 2018-10-31
