timestamp,Load_Type,WeekStatus,usage_kwh,lagging_power_factor_pct,lagging_reactive_kvarh
2018-11-02 03:00,Light_Load,Weekday,3.74,43.19,7.81
2018-11-01 23:00,Maximum_Load,Weekday,3.67,43.35,7.63
2018-11-10 07:15,Light_Load,Weekend,3.71,43.87,7.6
2018-11-10 07:30,Light_Load,Weekend,3.78,43.88,7.74
2018-11-10 03:15,Light_Load,Weekend,3.74,44.01,7.63
2018-11-01 22:45,Maximum_Load,Weekday,3.71,44.06,7.56
2018-11-10 07:00,Light_Load,Weekend,3.71,44.06,7.56
2018-11-10 03:30,Light_Load,Weekend,3.78,44.07,7.7
2018-11-02 00:45,Light_Load,Weekday,3.74,44.15,7.6
2018-11-10 04:30,Light_Load,Weekend,3.78,44.39,7.63
2018-11-10 03:45,Light_Load,Weekend,3.74,44.67,7.49
2018-11-06 03:15,Light_Load,Weekday,3.71,44.72,7.42
2018-11-04 06:45,Light_Load,Weekend,3.46,44.77,6.91
2018-11-10 03:00,Light_Load,Weekend,3.74,44.87,7.45
2018-11-10 06:45,Light_Load,Weekend,3.74,44.87,7.45
2018-11-02 05:15,Light_Load,Weekday,3.71,44.91,7.38
2018-11-06 01:15,Light_Load,Weekday,3.71,44.91,7.38
2018-11-06 01:30,Light_Load,Weekday,3.71,44.91,7.38
2018-11-06 01:00,Light_Load,Weekday,3.64,44.92,7.24
2018-11-02 06:30,Light_Load,Weekday,3.6,44.92,7.16
2018-11-06 06:45,Light_Load,Weekday,3.53,44.92,7.02
2018-11-10 04:45,Light_Load,Weekend,3.74,45.01,7.42
2018-11-10 04:15,Light_Load,Weekend,3.78,45.05,7.49
2018-11-06 03:00,Light_Load,Weekday,3.64,45.12,7.2
2018-11-06 05:45,Light_Load,Weekday,3.71,45.26,7.31
2018-11-10 02:45,Light_Load,Weekend,3.82,45.29,7.52
2018-11-10 04:00,Light_Load,Weekend,3.78,45.39,7.42
2018-11-10 05:15,Light_Load,Weekend,3.78,45.39,7.42
2018-11-15 23:00,Maximum_Load,Weekday,3.78,45.39,7.42
2018-11-01 22:30,Maximum_Load,Weekday,3.74,45.4,7.34
2018-11-10 05:00,Light_Load,Weekend,3.74,45.4,7.34
2018-11-04 06:30,Light_Load,Weekend,3.49,45.45,6.84
2018-11-08 22:15,Maximum_Load,Weekday,3.92,45.51,7.67
2018-11-15 22:30,Maximum_Load,Weekday,3.85,45.57,7.52
2018-11-10 05:30,Light_Load,Weekend,3.78,45.59,7.38
2018-11-05 23:15,Light_Load,Weekday,3.82,45.63,7.45
2018-11-10 07:45,Light_Load,Weekend,3.82,45.63,7.45
2018-11-02 22:30,Maximum_Load,Weekday,3.92,45.7,7.63
2018-11-10 05:45,Light_Load,Weekend,3.74,45.75,7.27
2018-11-04 03:45,Light_Load,Weekend,3.64,45.83,7.06
2018-11-06 00:15,Light_Load,Weekday,3.74,45.9,7.24
2018-11-18 04:45,Light_Load,Weekend,3.67,45.97,7.09
2018-11-02 02:45,Light_Load,Weekday,3.24,45.97,6.26
2018-11-06 00:45,Light_Load,Weekday,3.74,46.1,7.2
2018-11-05 00:00,Light_Load,Weekday,3.78,46.13,7.27
2018-11-06 02:00,Light_Load,Weekday,3.71,46.16,7.13
2018-11-01 23:15,Light_Load,Weekday,3.6,46.2,6.91
2018-11-02 22:45,Maximum_Load,Weekday,3.96,46.21,7.6
2018-11-06 06:30,Light_Load,Weekday,3.38,46.25,6.48
2018-11-15 22:45,Maximum_Load,Weekday,3.74,46.3,7.16
2018-11-04 02:30,Light_Load,Weekend,3.67,46.33,7.02
2018-11-06 01:45,Light_Load,Weekday,3.67,46.33,7.02
2018-11-06 00:30,Light_Load,Weekday,3.71,46.36,7.09
2018-11-10 02:30,Light_Load,Weekend,4.0,46.43,7.63
2018-11-18 05:00,Light_Load,Weekend,3.82,46.51,7.27
2018-11-16 01:15,Light_Load,Weekday,3.67,46.54,6.98
2018-11-08 23:00,Maximum_Load,Weekday,4.9,46.65,9.29
2018-11-04 04:00,Light_Load,Weekend,3.31,46.74,6.26
2018-11-09 00:15,Light_Load,Weekday,3.56,46.76,6.73
2018-11-04 07:30,Light_Load,Weekend,2.92,46.83,5.51
2018-11-02 00:30,Light_Load,Weekday,3.38,46.87,6.37
2018-11-06 02:45,Light_Load,Weekday,3.67,46.91,6.91
2018-11-16 02:30,Light_Load,Weekday,3.67,46.91,6.91
2018-11-08 23:15,Light_Load,Weekday,4.25,46.96,7.99
2018-11-10 06:30,Light_Load,Weekend,4.07,47.06,7.63
2018-11-16 05:45,Light_Load,Weekday,3.82,47.07,7.16
2018-11-02 03:15,Light_Load,Weekday,3.31,47.15,6.19
2018-11-02 03:30,Light_Load,Weekday,3.06,47.17,5.72
2018-11-06 22:30,Maximum_Load,Weekday,3.64,47.19,6.8
2018-11-06 22:45,Maximum_Load,Weekday,3.64,47.19,6.8
2018-11-04 03:30,Light_Load,Weekend,3.28,47.24,6.12
2018-11-16 04:15,Light_Load,Weekday,3.67,47.28,6.84
2018-11-02 02:15,Light_Load,Weekday,3.13,47.3,5.83
2018-11-15 22:15,Maximum_Load,Weekday,3.89,47.33,7.24
2018-11-11 06:45,Light_Load,Weekend,3.46,47.33,6.44
2018-11-16 02:00,Light_Load,Weekday,3.74,47.39,6.95
2018-11-16 02:15,Light_Load,Weekday,3.74,47.39,6.95
2018-11-16 01:45,Light_Load,Weekday,3.82,47.43,7.09
2018-11-18 06:00,Light_Load,Weekend,3.82,47.43,7.09
2018-11-02 01:00,Light_Load,Weekday,3.28,47.48,6.08
2018-11-07 22:30,Maximum_Load,Weekday,3.74,47.6,6.91
2018-11-04 07:15,Light_Load,Weekend,2.95,47.67,5.44
2018-11-06 03:30,Light_Load,Weekday,3.38,47.69,6.23
2018-11-17 23:00,Maximum_Load,Weekend,3.78,47.78,6.95
2018-11-06 23:00,Maximum_Load,Weekday,3.53,47.84,6.48
2018-11-16 04:30,Light_Load,Weekday,3.53,47.84,6.48
2018-11-02 02:00,Light_Load,Weekday,3.1,47.84,5.69
2018-11-02 04:15,Light_Load,Weekday,3.1,47.84,5.69
2018-11-01 22:15,Maximum_Load,Weekday,3.71,47.89,6.8
2018-11-16 01:00,Light_Load,Weekday,3.71,47.89,6.8
2018-11-19 03:00,Light_Load,Weekday,3.46,47.9,6.34
2018-11-09 00:30,Light_Load,Weekday,3.64,47.96,6.66
2018-11-04 08:00,Light_Load,Weekend,3.17,47.96,5.8
2018-11-02 05:30,Light_Load,Weekday,3.24,48.13,5.9
2018-11-08 22:45,Maximum_Load,Weekday,3.96,48.19,7.2
2018-11-02 02:30,Light_Load,Weekday,3.13,48.2,5.69
2018-11-04 07:00,Light_Load,Weekend,2.95,48.22,5.36
2018-11-01 23:45,Light_Load,Weekday,3.71,48.28,6.73
2018-11-05 23:45,Light_Load,Weekday,3.74,48.36,6.77
2018-11-10 23:00,Maximum_Load,Weekend,3.42,48.36,6.19
2018-11-05 23:30,Light_Load,Weekday,3.78,48.37,6.84
2018-11-08 06:15,Light_Load,Weekday,3.46,48.37,6.26
2018-11-02 23:00,Maximum_Load,Weekday,3.92,48.39,7.09
2018-11-11 07:00,Light_Load,Weekend,3.13,48.46,5.65
2018-11-08 00:00,Light_Load,Weekday,3.53,48.47,6.37
2018-11-18 07:00,Light_Load,Weekend,3.17,48.47,5.72
2018-11-18 07:15,Light_Load,Weekend,3.17,48.47,5.72
2018-11-02 01:45,Light_Load,Weekday,3.06,48.55,5.51
2018-11-16 01:30,Light_Load,Weekday,3.74,48.58,6.73
2018-11-01 23:30,Light_Load,Weekday,3.64,48.58,6.55
2018-11-08 22:30,Maximum_Load,Weekday,3.78,48.59,6.8
2018-11-14 03:00,Light_Load,Weekday,3.67,48.65,6.59
2018-11-02 03:45,Light_Load,Weekday,3.13,48.66,5.62
2018-11-06 02:30,Light_Load,Weekday,4.14,48.72,7.42
2018-11-18 01:15,Light_Load,Weekend,3.74,48.74,6.7
2018-11-17 02:00,Light_Load,Weekend,4.0,48.77,7.16
2018-11-04 02:45,Light_Load,Weekend,3.28,48.78,5.87
2018-11-07 05:30,Light_Load,Weekday,3.6,48.79,6.44
2018-11-05 02:45,Light_Load,Weekday,3.56,48.79,6.37
2018-11-18 01:30,Light_Load,Weekend,3.56,48.79,6.37
2018-11-10 22:45,Maximum_Load,Weekend,3.46,48.79,6.19
2018-11-02 05:00,Light_Load,Weekday,3.2,48.82,5.72
2018-11-02 01:15,Light_Load,Weekday,3.1,48.83,5.54
2018-11-11 06:00,Light_Load,Weekend,3.49,48.87,6.23
2018-11-06 22:15,Maximum_Load,Weekday,3.67,48.88,6.55
2018-11-13 02:45,Light_Load,Weekday,3.67,48.88,6.55
2018-11-15 23:15,Light_Load,Weekday,3.67,48.88,6.55
2018-11-05 00:45,Light_Load,Weekday,3.53,48.88,6.3
2018-11-02 04:00,Light_Load,Weekday,3.13,48.92,5.58
2018-11-04 07:45,Light_Load,Weekend,3.13,48.92,5.58
2018-11-18 05:15,Light_Load,Weekend,3.31,48.93,5.9
2018-11-02 06:45,Light_Load,Weekday,3.17,48.93,5.65
2018-11-18 07:30,Light_Load,Weekend,3.17,48.93,5.65
2018-11-14 02:15,Light_Load,Weekday,3.6,48.97,6.41
2018-11-18 03:30,Light_Load,Weekend,3.28,49.03,5.83
2018-11-02 04:45,Light_Load,Weekday,3.06,49.03,5.44
2018-11-13 02:15,Light_Load,Weekday,3.67,49.05,6.52
2018-11-14 02:30,Light_Load,Weekday,3.67,49.05,6.52
2018-11-17 23:15,Light_Load,Weekend,3.82,49.14,6.77
2018-11-17 22:30,Maximum_Load,Weekend,3.78,49.14,6.7
2018-11-08 01:30,Light_Load,Weekday,3.74,49.19,6.62
2018-11-18 05:45,Light_Load,Weekend,3.42,49.21,6.05
2018-11-11 06:15,Light_Load,Weekend,3.38,49.21,5.98
2018-11-04 22:45,Maximum_Load,Weekend,3.46,49.22,6.12
2018-11-13 05:30,Light_Load,Weekday,3.67,49.28,6.48
2018-11-18 06:45,Light_Load,Weekend,3.24,49.29,5.72
2018-11-07 00:15,Light_Load,Weekday,3.53,49.3,6.23
2018-11-02 04:30,Light_Load,Weekday,3.06,49.3,5.4
2018-11-02 22:15,Maximum_Load,Weekday,3.92,49.34,6.91
2018-11-03 02:30,Light_Load,Weekend,3.82,49.36,6.73
2018-11-07 22:45,Maximum_Load,Weekday,3.74,49.36,6.59
2018-11-02 06:15,Light_Load,Weekday,3.31,49.37,5.83
2018-11-07 23:00,Maximum_Load,Weekday,3.64,49.38,6.41
2018-11-08 01:15,Light_Load,Weekday,3.6,49.38,6.34
2018-11-18 03:15,Light_Load,Weekend,3.35,49.38,5.9
2018-11-04 02:15,Light_Load,Weekend,3.13,49.39,5.51
2018-11-06 03:45,Light_Load,Weekday,3.13,49.39,5.51
2018-11-03 01:30,Light_Load,Weekend,3.85,49.43,6.77
2018-11-03 04:30,Light_Load,Weekend,3.85,49.43,6.77
2018-11-18 03:00,Light_Load,Weekend,3.42,49.46,6.01
2018-11-08 06:00,Light_Load,Weekday,3.67,49.51,6.44
2018-11-02 01:30,Light_Load,Weekday,3.1,49.51,5.44
2018-11-03 02:15,Light_Load,Weekend,3.82,49.53,6.7
2018-11-18 03:45,Light_Load,Weekend,3.31,49.57,5.8
2018-11-02 05:45,Light_Load,Weekday,3.06,49.58,5.36
2018-11-03 05:30,Light_Load,Weekend,3.78,49.59,6.62
2018-11-16 00:45,Light_Load,Weekday,3.78,49.59,6.62
2018-11-08 00:30,Light_Load,Weekday,3.64,49.61,6.37
2018-11-07 05:00,Light_Load,Weekday,3.56,49.61,6.23
2018-11-17 22:45,Maximum_Load,Weekend,3.89,49.66,6.8
2018-11-12 22:30,Maximum_Load,Weekday,4.97,49.69,8.68
2018-11-14 02:00,Light_Load,Weekday,3.71,49.69,6.48
2018-11-13 02:30,Light_Load,Weekday,3.67,49.69,6.41
2018-11-04 03:15,Light_Load,Weekend,2.95,49.7,5.15
2018-11-18 04:00,Light_Load,Weekend,3.28,49.74,5.72
2018-11-03 02:00,Light_Load,Weekend,3.78,49.76,6.59
2018-11-13 03:15,Light_Load,Weekday,3.74,49.76,6.52
2018-11-19 00:45,Light_Load,Weekday,3.49,49.78,6.08
2018-11-19 04:45,Light_Load,Weekday,3.64,49.79,6.34
2018-11-06 04:00,Light_Load,Weekday,3.06,49.79,5.33
2018-11-18 02:00,Light_Load,Weekend,3.31,49.82,5.76
2018-11-07 00:30,Light_Load,Weekday,3.56,49.86,6.19
2018-11-06 05:30,Light_Load,Weekday,3.17,49.87,5.51
2018-11-16 05:30,Light_Load,Weekday,3.24,49.95,5.62
2018-11-18 04:30,Light_Load,Weekend,3.24,49.95,5.62
2018-11-08 23:45,Light_Load,Weekday,3.53,49.96,6.12
2018-11-03 01:00,Light_Load,Weekend,3.82,49.98,6.62
2018-11-04 04:30,Light_Load,Weekend,2.99,49.99,5.18
2018-11-18 01:45,Light_Load,Weekend,3.2,50.02,5.54
2018-11-07 00:45,Light_Load,Weekday,3.64,50.03,6.3
2018-11-07 23:15,Light_Load,Weekday,3.56,50.04,6.16
2018-11-08 23:30,Light_Load,Weekday,3.56,50.04,6.16
2018-11-17 22:15,Maximum_Load,Weekend,3.85,50.05,6.66
2018-11-06 05:00,Light_Load,Weekday,3.1,50.07,5.36
2018-11-02 06:00,Light_Load,Weekday,3.06,50.07,5.29
2018-11-02 00:15,Light_Load,Weekday,3.02,50.08,5.22
2018-11-13 05:45,Light_Load,Weekday,3.71,50.09,6.41
2018-11-06 06:00,Light_Load,Weekday,3.31,50.09,5.72
2018-11-13 01:45,Light_Load,Weekday,3.67,50.1,6.34
2018-11-08 04:15,Light_Load,Weekday,3.17,50.14,5.47
2018-11-13 02:00,Light_Load,Weekday,3.78,50.16,6.52
2018-11-02 07:00,Light_Load,Weekday,2.99,50.21,5.15
2018-11-04 01:45,Light_Load,Weekend,2.95,50.22,5.08
2018-11-05 04:15,Light_Load,Weekday,3.64,50.27,6.26
2018-11-14 02:45,Light_Load,Weekday,3.64,50.27,6.26
2018-11-14 03:30,Light_Load,Weekday,3.64,50.27,6.26
2018-11-15 00:45,Light_Load,Weekday,3.64,50.27,6.26
2018-11-07 23:30,Light_Load,Weekday,3.6,50.27,6.19
2018-11-08 01:45,Light_Load,Weekday,3.6,50.27,6.19
2018-11-18 06:15,Light_Load,Weekend,3.35,50.28,5.76
2018-11-19 02:45,Light_Load,Weekday,3.31,50.28,5.69
2018-11-06 04:15,Light_Load,Weekday,3.1,50.28,5.33
2018-11-01 00:00,Light_Load,Weekday,3.06,50.28,5.26
2018-11-06 05:15,Light_Load,Weekday,3.06,50.28,5.26
2018-11-16 23:45,Light_Load,Weekday,3.92,50.33,6.73
2018-11-07 04:45,Light_Load,Weekday,3.42,50.34,5.87
2018-11-08 03:00,Light_Load,Weekday,3.38,50.35,5.8
2018-11-16 23:00,Maximum_Load,Weekday,4.03,50.38,6.91
2018-11-03 01:45,Light_Load,Weekend,3.82,50.38,6.55
2018-11-12 22:45,Maximum_Load,Weekday,5.0,50.39,8.57
2018-11-03 01:15,Light_Load,Weekend,3.78,50.39,6.48
2018-11-13 03:00,Light_Load,Weekday,3.74,50.4,6.41
2018-11-06 23:15,Light_Load,Weekday,3.53,50.4,6.05
2018-11-04 03:00,Light_Load,Weekend,2.92,50.43,5.0
2018-11-04 05:15,Light_Load,Weekend,2.92,50.43,5.0
2018-11-17 04:00,Light_Load,Weekend,3.85,50.44,6.59
2018-11-09 00:45,Light_Load,Weekday,3.6,50.46,6.16
2018-11-17 01:00,Light_Load,Weekend,4.0,50.48,6.84
2018-11-18 02:15,Light_Load,Weekend,3.24,50.48,5.54
2018-11-04 05:45,Light_Load,Weekend,2.99,50.5,5.11
2018-11-04 04:15,Light_Load,Weekend,2.95,50.51,5.04
2018-11-17 03:15,Light_Load,Weekend,3.35,50.54,5.72
2018-11-14 04:30,Light_Load,Weekday,3.67,50.58,6.26
2018-11-15 23:45,Light_Load,Weekday,3.67,50.58,6.26
2018-11-14 01:45,Light_Load,Weekday,3.74,50.63,6.37
2018-11-06 00:00,Light_Load,Weekday,3.49,50.66,5.94
2018-11-04 06:15,Light_Load,Weekend,2.92,50.66,4.97
2018-11-02 23:15,Light_Load,Weekday,3.85,50.67,6.55
2018-11-18 04:15,Light_Load,Weekend,3.24,50.69,5.51
2018-11-18 06:30,Light_Load,Weekend,3.24,50.69,5.51
2018-11-05 04:30,Light_Load,Weekday,3.35,50.74,5.69
2018-11-17 02:45,Light_Load,Weekend,3.35,50.74,5.69
2018-11-16 22:45,Maximum_Load,Weekday,4.07,50.75,6.91
2018-11-13 05:15,Light_Load,Weekday,3.67,50.76,6.23
2018-11-15 00:30,Light_Load,Weekday,3.67,50.76,6.23
2018-11-18 02:45,Light_Load,Weekend,3.82,50.78,6.48
2018-11-17 03:00,Light_Load,Weekend,3.42,50.79,5.8
2018-11-10 08:00,Light_Load,Weekend,4.14,50.8,7.02
2018-11-02 07:15,Light_Load,Weekday,2.95,50.81,5.0
2018-11-04 04:45,Light_Load,Weekend,2.95,50.81,5.0
