asset_id,asset_type,day_type,baseline_days,median_kw,p95_kw
mh_a,Automation_Handling,weekday,213,2.6535,3.3599
mh_a,Automation_Handling,weekend,83,0.3865,0.9642
comp_a,CompressedAir,weekday,113,0.9094,33.1428
comp_a,CompressedAir,weekend,45,0.004,23.9952
comp_b,CompressedAir,weekday,113,28.0249,35.1738
comp_b,CompressedAir,weekend,45,22.2524,26.3506
sb_a,Electrical_Distribution,weekday,113,56.6755,66.6794
sb_a,Electrical_Distribution,weekend,45,35.1626,41.919
sb_b,Electrical_Distribution,weekday,112,30.9276,38.213
sb_b,Electrical_Distribution,weekend,45,12.5152,14.4144
sb_c,Electrical_Distribution,weekday,23,0.019,0.0259
mi_a,Electrical_GridImport,weekday,113,254.2604,343.4439
mi_a,Electrical_GridImport,weekend,45,117.0769,177.3092
mi_b,Electrical_PVGeneration,weekday,129,0.0741,0.1322
mi_b,Electrical_PVGeneration,weekend,51,0.0535,0.0849
ahu_a,HVAC_AHU,weekday,48,8.6599,28.1723
ahu_a,HVAC_AHU,weekend,20,8.3236,27.9733
ahu_c,HVAC_AHU,weekday,158,0.4292,0.4462
ahu_c,HVAC_AHU,weekend,61,0.0,0.0043
ex_a,HVAC_AirExtraction,weekday,113,3.5667,6.6425
ex_a,HVAC_AirExtraction,weekend,45,0.0,3.6653
ex_b,HVAC_AirExtraction,weekday,158,32.8239,33.6239
ex_b,HVAC_AirExtraction,weekend,61,18.4799,33.4711
hp_a,HVAC_HeatPump,weekday,129,0.0052,0.0164
hp_a,HVAC_HeatPump,weekend,51,0.0052,0.0145
hp_b,HVAC_HeatPump,weekday,129,0.0,0.0048
hp_b,HVAC_HeatPump,weekend,51,0.0,0.0004
p_c,Press_Drive,weekday,114,5.8118,12.1194
p_c,Press_Drive,weekend,45,0.2447,7.7657
p_d,Press_Drive,weekday,146,10.2942,15.2153
p_d,Press_Drive,weekend,57,2.5224,14.9521
p_e,Press_Drive,weekday,147,8.6891,15.561
p_e,Press_Drive,weekend,59,8.3112,20.0256
p_f,Press_IntegratedAutomationCell,weekday,83,27.2816,40.0053
p_a,Press_Main,weekday,152,4.6856,6.6706
p_a,Press_Main,weekend,59,2.7305,7.3521
p_b,Press_Main,weekday,156,12.9079,36.4515
p_b,Press_Main,weekend,63,0.5416,25.0269
p_g,Press_Main,weekday,155,7.168,10.2823
p_g,Press_Main,weekend,61,6.1522,10.3374
p_h,Press_Main,weekday,152,3.4482,5.4036
p_h,Press_Main,weekend,59,1.4549,3.859
p_i,Press_Main,weekday,156,7.8729,12.4113
p_i,Press_Main,weekend,61,6.1565,24.8041
p_k,Press_Main,weekday,163,35.1984,46.7317
p_k,Press_Main,weekend,63,19.1067,35.6017
p_l,Press_Main,weekday,109,12.9003,22.3007
p_l,Press_Main,weekend,43,2.0968,21.7779
p_m,Press_Main,weekday,36,8.4787,15.0692
mix_a,ProcessMixing,weekday,213,2.4062,3.4147
mix_a,ProcessMixing,weekend,83,0.0412,0.1138
mix_b,ProcessMixing,weekday,48,2.1217,3.422
mix_b,ProcessMixing,weekend,20,0.0744,0.2219
mix_c,ProcessMixing,weekday,213,3.1414,4.0311
mix_c,ProcessMixing,weekend,83,0.0,0.0002
mix_d,ProcessMixing,weekday,213,0.5176,1.0573
mix_d,ProcessMixing,weekend,83,0.0387,0.0408
u_b,Utilities,weekday,113,4.6995,5.4928
u_b,Utilities,weekend,45,2.4689,4.3509
u_c,Utilities,weekday,113,2.8118,3.722
u_c,Utilities,weekend,45,2.513,3.7908
u_e,Utilities,weekday,212,8.7265,10.2634
u_e,Utilities,weekend,82,1.4198,1.8049
