asset_id,asset_type,day,day_type,windows,observed_kwh,mean_kw,baseline_days,median_kw,p95_kw,review_threshold_kw,is_review_candidate,screening_excess_kwh
p_d,Press_Drive,2025-11-07,weekday,96,601.8222,25.0759,146,10.2942,15.2153,19.0191,True,236.65
p_d,Press_Drive,2025-11-08,weekend,96,528.436,22.0182,57,2.5224,14.9521,18.6901,True,169.59
p_m,Press_Main,2025-11-28,weekday,96,519.4175,21.6424,36,8.4787,15.0692,18.8365,True,157.76
p_i,Press_Main,2025-12-24,weekday,96,401.6657,16.7361,156,7.8729,12.4113,15.5141,True,103.8
p_i,Press_Main,2025-12-25,weekday,96,401.6657,16.7361,156,7.8729,12.4113,15.5141,True,103.8
p_i,Press_Main,2025-12-26,weekday,96,401.6657,16.7361,156,7.8729,12.4113,15.5141,True,103.8
p_i,Press_Main,2025-12-29,weekday,96,401.6657,16.7361,156,7.8729,12.4113,15.5141,True,103.8
p_i,Press_Main,2025-12-30,weekday,96,401.6657,16.7361,156,7.8729,12.4113,15.5141,True,103.8
p_i,Press_Main,2025-12-31,weekday,96,401.6517,16.7355,156,7.8729,12.4113,15.5141,True,103.78
u_c,Utilities,2025-11-20,weekday,96,180.2917,7.5122,113,2.8118,3.722,5.722,True,90.96
u_c,Utilities,2025-11-21,weekday,96,173.3171,7.2215,113,2.8118,3.722,5.722,True,83.99
u_c,Utilities,2025-12-21,weekend,96,166.4078,6.9337,45,2.513,3.7908,5.7908,True,75.43
u_c,Utilities,2025-11-25,weekday,96,161.951,6.748,113,2.8118,3.722,5.722,True,72.62
u_c,Utilities,2025-12-16,weekday,96,161.914,6.7464,113,2.8118,3.722,5.722,True,72.59
u_c,Utilities,2025-11-19,weekday,96,160.456,6.6857,113,2.8118,3.722,5.722,True,71.13
u_c,Utilities,2025-12-27,weekend,96,155.7428,6.4893,45,2.513,3.7908,5.7908,True,64.76
u_c,Utilities,2025-12-04,weekday,96,151.4241,6.3093,113,2.8118,3.722,5.722,True,62.1
p_a,Press_Main,2025-11-14,weekday,96,221.381,9.2242,152,4.6856,6.6706,8.6706,True,61.29
u_c,Utilities,2025-11-30,weekend,96,151.4511,6.3105,45,2.513,3.7908,5.7908,True,60.47
u_c,Utilities,2025-11-17,weekday,96,143.8731,5.9947,113,2.8118,3.722,5.722,True,54.54
u_c,Utilities,2025-11-24,weekday,96,142.1356,5.9223,113,2.8118,3.722,5.722,True,52.81
u_c,Utilities,2025-11-29,weekend,96,141.0934,5.8789,45,2.513,3.7908,5.7908,True,50.11
